20060426,16.16,16.01,16.1,16.11,3848
20060427,16.11,15.72,15.98,15.91,3848
20060428,16.11,15.88,16.1,15.97,3851
20060501,16.5,16.23,16.31,16.46,6197
20060502,16.34,16.15,16.29,16.23,28244
20060503,16.46,16.22,16.32,16.44,14832
20060504,16.38,16.06,16.27,16.14,11910
20060505,16.67,16.41,16.56,16.6,9151
20060508,16.81,16.54,16.63,16.72,7229
20060509,16.99,16.7,16.96,16.71,6998
20060510,16.95,16.72,16.87,16.76,4834
20060511,16.98,16.71,16.86,16.85,6333
20060512,16.79,16.22,16.3,16.73,7446
20060515,16.02,15.36,15.79,15.88,7735
20060516,16.09,15.86,16.08,15.89,7579
20060517,16.04,15.06,15.39,16.01,7449
20060518,15.65,15.38,15.44,15.39,5602
20060519,15.31,14.96,15.31,15.28,6763
20060522,14.96,14.53,14.81,14.69,12499
20060523,15.34,14.82,15.09,14.82,4347
20060524,15.01,14.59,14.84,14.79,26981
20060525,15.11,14.79,15.11,15.03,2811
20060526,15.29,14.96,15.25,15.24,4389
20060530,15.47,15.03,15.15,15.47,4351
20060531,15.14,14.83,14.96,14.86,4700
20060601,15.02,14.6,14.87,14.6,7194
20060602,15.17,14.92,15.11,15.17,3601
20060605,15.28,14.76,14.88,15.17,5024
20060606,14.79,14.27,14.52,14.78,13849
20060607,14.68,14.36,14.36,14.42,10208
20060608,14.17,13.76,14.08,14.01,14199
20060609,14.55,14.27,14.33,14.41,6047
20060612,14.51,14.08,14.19,14.41,4182
20060613,13.92,13.25,13.34,13.5,8464
20060614,13.86,13.42,13.75,13.46,8716
20060615,14.29,13.71,14.29,13.81,4159
20060616,14.21,13.97,14.11,14.21,3469
20060619,14.06,13.74,13.86,13.92,1795
20060620,13.99,13.66,13.85,13.85,1690
20060621,14.24,13.81,14.23,13.81,1439
20060622,14.27,14.01,14.19,14.26,1787
20060623,14.27,14.01,14.18,14.12,1728
20060626,14.24,13.99,14.22,14.04,1188
20060627,14.36,14.01,14.11,14.31,3043
20060628,14.05,13.81,14.05,13.91,6409
20060629,14.94,14.26,14.86,14.35,2369
20060630,15.06,14.79,14.91,15.03,3536
20060703,15.05,14.91,15.05,15.02,1502
20060705,15.16,14.61,14.79,15.12,4142
20060706,15.21,14.96,15.03,15.01,2021
20060707,15.46,15.21,15.34,15.28,2458
20060710,15.4,15.16,15.32,15.28,3717
20060711,15.35,15.09,15.34,15.26,1441
20060712,15.37,15.02,15.05,15.32,1190
20060713,15.12,14.83,14.87,15.03,1830
20060714,14.63,14.29,14.45,14.54,1939
20060717,14.51,14.34,14.41,14.39,1761
20060718,14.48,14.1,14.32,14.41,1394
20060719,14.68,14.07,14.66,14.08,1462
20060720,14.93,14.54,14.59,14.84,2819
20060721,14.71,14.39,14.48,14.54,4287
20060724,14.96,14.54,14.91,14.56,3102
20060725,15.26,14.61,14.88,14.71,3265
20060726,14.88,14.62,14.78,14.8,2414
20060727,15.25,15.01,15.06,15.19,2533
20060728,15.3,14.96,15.29,15.04,3810
20060731,15.16,15.05,15.12,15.14,1404
20060801,15.05,14.84,15.04,15,3648
20060802,15.06,14.86,14.99,14.86,5317
20060803,15.06,14.84,14.95,14.93,3857
20060804,15.13,14.75,14.97,15.04,1461
20060807,14.94,14.78,14.88,14.94,1509
20060808,15.24,15,15.05,15.11,2801
20060809,15.27,14.86,14.94,15,4408
20060810,15.02,14.86,15.01,14.99,3792
20060811,15.02,14.8,14.86,14.91,3677
20060814,15.12,14.9,14.91,14.99,3372
20060815,15.25,15.01,15.21,15.06,4761
20060816,15.4,15.16,15.27,15.36,2052
20060817,15.5,15.25,15.33,15.47,3153
20060818,15.34,15.17,15.32,15.32,2092
20060821,15.55,15.45,15.55,15.45,1725
20060822,15.52,15.36,15.42,15.51,2686
20060823,15.65,15.29,15.33,15.61,8088
20060824,15.35,14.98,15.03,15.29,2731
20060825,15.21,14.98,15.11,15.06,2571
20060828,15.31,15.16,15.25,15.22,2304
20060829,15.56,15.33,15.56,15.49,3156
20060830,15.65,15.48,15.56,15.63,1410
20060831,15.77,15.61,15.7,15.77,9424
20060901,15.87,15.61,15.81,15.69,4565
20060905,16.19,15.96,16.17,16.18,4793
20060906,15.88,15.66,15.72,15.83,4386
20060907,15.66,15.39,15.5,15.57,2574
20060908,15.49,15.37,15.47,15.49,2224
20060911,15.24,14.41,14.94,15.04,6070
20060912,15.02,14.85,15,14.87,2831
20060913,15.18,15.01,15.17,15.03,2540
20060914,15.36,15.18,15.21,15.31,3072
20060915,15.25,15.06,15.18,15.25,4995
20060918,15.46,15.2,15.44,15.2,3523
20060919,15.41,14.91,15.09,15.38,3236
20060920,15.13,15,15.07,15.01,4489
20060921,15.14,14.94,14.99,15.1,4459
20060922,14.98,14.68,14.74,14.98,8739
20060925,15.02,14.66,15,14.76,4382
20060926,15.04,14.86,15.02,14.89,9232
20060927,15.36,15.09,15.31,15.11,5551
20060928,15.33,15.21,15.33,15.28,4616
20060929,15.43,15.31,15.36,15.31,3492
20061002,15.65,15.45,15.54,15.45,3775
20061003,15.52,15.27,15.3,15.46,5583
20061004,15.59,15.19,15.54,15.25,7524
20061005,15.8,15.64,15.8,15.7,2619
20061006,15.62,15.51,15.6,15.62,2969
20061009,15.7,15.54,15.65,15.54,1633
20061010,15.78,15.66,15.73,15.74,5647
20061011,15.87,15.68,15.78,15.76,3273
20061012,16.16,15.95,16.15,15.95,2955
20061013,16.23,16.04,16.16,16.12,2929
20061016,16.53,16.21,16.4,16.4,5163
20061017,16.26,15.95,16.05,16.21,6483
20061018,16.36,16.23,16.26,16.36,3500
20061019,16.44,16.27,16.37,16.27,2125
20061020,16.66,16.43,16.66,16.6,5179
20061023,16.66,16.41,16.58,16.66,3712
20061024,16.61,16.36,16.61,16.43,2630
20061025,16.75,16.46,16.69,16.46,3924
20061026,17.16,16.73,17.16,16.76,3625
20061027,17.03,16.8,16.86,16.9,4597
20061030,17.41,16.86,17.41,16.86,5259
20061031,17.19,16.77,17.18,16.77,1709
20061101,17.56,17.19,17.56,17.34,28463
20061102,17.36,17.15,17.29,17.15,5475
20061103,17.76,17.16,17.41,17.76,4697
20061106,17.7,17.33,17.66,17.41,8835
20061107,17.86,17.1,17.86,17.1,7750
20061108,17.57,17.21,17.47,17.26,4633
20061109,18.22,17.23,17.43,18.22,3346
20061110,17.35,17.2,17.34,17.3,3289
20061113,17.18,17.06,17.12,17.18,4662
20061114,17.45,17.21,17.38,17.35,3291
20061115,17.32,17.11,17.22,17.24,3288
20061116,17.35,17.06,17.06,17.35,3244
20061117,17.29,17.06,17.24,17.07,3244
20061120,17.15,16.71,16.86,17.15,16813
20061121,17.21,16.98,17.2,17.13,7347
20061122,17.57,17.36,17.57,17.36,4385
20061124,17.73,17.49,17.7,17.49,1877
20061127,17.64,17.38,17.42,17.61,5553
20061128,17.86,17.18,17.86,17.28,3683
20061129,18,17.86,17.98,17.92,5128
20061130,18.21,17.98,18.18,18.13,3705
20061201,18.05,17.72,17.81,18.05,29727
20061204,18.3,17.84,18.15,18.3,4891
20061205,18.03,17.79,18.03,17.79,6990
20061206,18.16,17.84,18.16,18.01,5980
20061207,18.19,17.86,18,18.02,3838
20061208,18.03,17.56,17.7,17.91,3601
20061211,18.07,17.77,17.98,17.77,8882
20061212,18.04,17.85,18.01,17.92,3313
20061213,18.2,18.06,18.19,18.12,3412
20061214,18.58,18.34,18.56,18.47,5493
20061215,18.53,18.29,18.38,18.4,2499
20061218,18.41,18.22,18.31,18.41,8278
20061219,18.35,18.15,18.32,18.15,3409
20061220,18.58,18.41,18.52,18.54,3558
20061221,18.49,18.31,18.39,18.43,3593
20061222,18.52,18.39,18.47,18.52,3057
20061226,18.64,18.5,18.53,18.57,2554
20061227,18.91,18.63,18.91,18.63,5334
20061228,19.24,18.84,18.99,19.24,2608
20061229,19.65,18.75,18.75,19.65,3305
20070103,19.17,18.71,18.79,19.03,8788
20070104,18.54,17.97,18.35,18.46,7819
20070105,18.25,17.87,17.97,18.23,5156
20070108,18.15,17.75,18.1,17.93,4286
20070109,18.36,18.09,18.23,18.36,5196
20070110,18.11,17.8,18.07,17.86,3797
20070111,18.5,18.17,18.28,18.23,7317
20070112,18.67,18.45,18.67,18.54,11914
20070116,18.75,18.45,18.63,18.75,10938
20070117,18.74,18.54,18.61,18.58,8391
20070118,18.91,18.69,18.75,18.79,6881
20070119,19.1,18.8,19.06,18.8,10236
20070122,19.22,18.96,19.01,19.22,3560
20070123,19.51,19.28,19.51,19.35,8144
20070124,19.31,19.08,19.31,19.08,9269
20070125,19.31,18.69,18.77,19.05,9860
20070126,18.87,18.64,18.78,18.87,6568
20070129,18.87,18.74,18.79,18.81,14353
20070130,19.34,18.96,19.2,19.34,5651
20070131,19.2,18.83,19.17,18.85,6518
20070201,19.77,19.1,19.11,19.77,6473
20070202,19.24,18.98,19.11,19.19,14604
20070205,19.25,19.1,19.22,19.2,6788
20070206,19.54,19.32,19.48,19.36,7054
20070207,19.68,19.55,19.64,19.6,7613
20070208,19.81,19.62,19.78,19.72,9581
20070209,19.82,19.51,19.63,19.8,7102
20070212,19.77,19.35,19.48,19.77,4093
20070213,19.97,19.29,19.94,19.71,8414
20070214,20.2,19.92,20.2,19.96,11584
20070215,20.23,20.1,20.18,20.22,3053
20070216,20.28,19.99,20.24,20.2,23249
20070220,20.71,20.15,20.38,20.33,9134
20070221,20.4,20.18,20.37,20.3,5218
20070222,20.7,20.5,20.54,20.65,5596
20070223,21.09,20.66,20.96,20.75,6160
20070226,21.4,20.78,21,21.4,9379
20070227,20.54,19.45,19.71,20.46,23330
20070228,20.32,19.26,19.85,19.75,7669
20070301,19.75,18.75,19.75,19.22,10156
20070302,19.67,18.91,19.67,19.36,5933
20070305,18.76,18,18.25,18.56,18727
20070306,19.68,18.94,19.68,19.22,9976
20070307,19.68,19.27,19.42,19.44,7017
20070308,19.67,19.46,19.52,19.61,5663
20070309,19.98,19.5,19.5,19.73,5570
20070312,20.2,17.6,20.09,17.75,5194
20070313,20.17,19.37,19.41,19.95,11789
20070314,19.82,19.11,19.82,19.19,9486
20070315,20.25,19.88,20.25,20.12,5364
20070316,20.23,19.99,20.09,20.22,3619
20070319,20.53,20.31,20.46,20.47,7343
20070320,20.79,20.36,20.79,20.45,5492
20070321,21.22,20.45,21.02,20.79,14907
20070322,21.76,20.96,21.12,21.76,8005
20070323,21.13,20.96,21,21.1,4262
20070326,21.7,21.05,21.62,21.7,7476
20070327,21.46,21.03,21.06,21.46,7151
20070328,21.02,20.57,20.73,21.02,6929
20070329,21.2,20.82,20.97,21.2,6048
20070330,21.27,21.11,21.2,21.24,6926
20070402,21.53,21.1,21.26,21.12,3820
20070403,22.04,21.5,21.73,21.63,5754
20070404,22,21.7,21.95,21.87,10561
20070405,22.1,21.65,22.08,22.07,14766
20070409,22.87,21.97,22.07,22.87,17697
20070410,22.75,22.33,22.6,22.48,17924
20070411,22.6,22.32,22.36,22.6,20093
20070412,22.8,22.39,22.78,22.57,24339
20070413,22.83,22.62,22.81,22.8,17866
20070416,23.1,22.88,23.02,23.05,16241
20070417,23.21,23.02,23.1,23.2,11671
20070418,23.16,22.95,23.11,23.1,16214
20070419,22.9,22.58,22.83,22.84,8747
20070420,23.28,22.96,22.96,23.1,9420
20070423,23.51,21.9,22.87,22.9,14980
20070424,22.71,22.37,22.45,22.53,19648
20070425,23.02,22.71,22.96,22.75,11506
20070426,22.81,22.56,22.7,22.71,7395
20070427,22.75,22.54,22.62,22.67,6983
20070430,22.74,22.34,22.34,22.68,9014
20070501,22.6,22.34,22.38,22.48,7298
20070502,22.91,22.65,22.91,22.71,11687
20070503,22.84,22.67,22.83,22.77,8282
20070504,23.11,22.8,23.11,22.89,6496
20070507,23.5,23.04,23.1,23.45,5221
20070508,23.1,22.82,23.03,23.1,11786
20070509,23.5,23.17,23.5,23.29,20174
20070510,23.46,22.98,23.05,23.46,16617
20070511,23.53,23.1,23.47,23.23,8350
20070514,23.55,23.18,23.35,23.53,21200
20070515,23.55,23.15,23.31,23.24,10691
20070516,23.19,22.9,23.05,23.14,21494
20070517,23.25,23.04,23.24,23.14,19549
20070518,23.42,23.09,23.34,23.23,13104
20070521,23.36,23.1,23.25,23.14,19138
20070522,23.25,22.98,23.04,23.25,8572
20070523,23.47,23.16,23.2,23.29,5446
20070524,22.99,22.35,22.35,22.94,16945
20070525,22.9,22.57,22.9,22.61,8058
20070529,22.94,22.64,22.84,22.92,17318
20070530,22.91,22.47,22.83,22.5,5697
20070531,23.29,23.07,23.15,23.14,5194
20070601,23.49,23.25,23.44,23.35,8437
20070604,23.77,23.52,23.71,23.6,6788
20070605,23.83,23.52,23.75,23.72,8130
20070606,23.56,23.24,23.35,23.49,8133
20070607,23.59,23.04,23.16,23.45,12821
20070608,23.47,22.97,23.43,23.07,5992
20070611,23.6,23.25,23.6,23.38,6949
20070612,23.28,22.92,22.92,23.08,8754
20070613,23.33,22.98,23.27,22.99,7661
20070614,23.4,23.25,23.35,23.27,5186
20070615,23.75,23.55,23.75,23.64,7719
20070618,23.94,23.72,23.88,23.94,5936
20070619,24.32,23.99,24.24,23.99,5773
20070620,24.42,24.02,24.2,24.33,6434
20070621,24.33,24,24.27,24.12,9953
20070622,24.25,23.85,24.1,24.25,9503
20070625,24.3,23.95,24.3,24.2,6479
20070626,24.09,23.77,23.8,23.99,9733
20070627,23.35,23.08,23.25,23.18,12808
20070628,23.84,23.65,23.74,23.65,6617
20070629,23.9,23.54,23.72,23.89,14307
20070702,24.37,23.93,24.37,23.93,8664
20070703,24.27,24.15,24.27,24.22,7174
20070705,24.62,24.36,24.6,24.6,6881
20070706,25.05,24.54,24.7,24.73,16128
20070709,24.96,24.8,24.94,24.9,11074
20070710,24.62,24.41,24.57,24.55,12403
20070711,24.66,24.4,24.6,24.56,9037
20070712,25.16,24.66,25.1,24.66,9834
20070713,25.18,24.93,25.18,24.97,5535
20070716,25.22,25.03,25.22,25.15,5638
20070717,25.26,25.05,25.12,25.13,7589
20070718,25.13,24.9,25.09,25.02,13866
20070719,25.48,25.37,25.45,25.43,7988
20070720,25.58,25.07,25.38,25.49,8351
20070723,25.65,25.49,25.6,25.56,5567
20070724,25.55,25.1,25.24,25.49,11477
20070725,25.42,25.03,25.35,25.34,12420
20070726,24.4,23.36,23.73,24.22,65763
20070727,23.73,22.75,22.75,23.07,87162
20070730,23.48,22.89,23.38,23.11,11631
20070731,23.78,23.05,23.29,23.75,24644
20070801,22.85,22.17,22.79,22.64,21954
20070802,23.5,22.82,23.05,22.83,11695
20070803,22.87,22.05,22.05,22.76,13340
20070806,22.89,22.2,22.73,22.48,10877
20070807,22.97,22.39,22.97,22.63,5596
20070808,23.83,23.41,23.74,23.56,13190
20070809,23.31,22.54,22.54,22.85,16891
20070810,22.6,21.72,22.6,21.9,30501
20070813,23.02,22.6,22.66,22.96,22938
20070814,22.41,21.5,21.62,22.41,7409
20070815,21.32,20.42,20.46,21.03,31367
20070816,19.54,18.38,19.39,18.92,55359
20070817,20.68,19.67,20.18,20.18,32440
20070820,21.75,20.48,21.1,20.93,25552
20070821,21.1,20.65,21,20.84,19318
20070822,21.9,21.5,21.85,21.63,12756
20070823,22.8,22.25,22.67,22.8,23612
20070824,23.22,22.45,23.1,22.58,31891
20070827,23.15,22.9,22.9,23.15,4528
20070828,22.75,21.86,22.08,22.63,9786
20070829,23.08,22.33,23.03,22.33,17887
20070830,22.86,22.25,22.37,22.29,7707
20070831,23.35,22.9,23.19,23.35,8152
20070904,23.86,23.35,23.72,23.35,16900
20070905,23.1,22.79,22.85,23.06,11388
20070906,23.79,22.78,23.59,23.49,6993
20070907,23.34,22.86,23.06,23.2,8829
20070910,23.29,22.7,23.09,23.17,8770
20070911,24.12,23.45,24.12,23.5,15916
20070912,24.09,23.48,23.8,23.69,15981
20070913,24.25,23.81,24.14,23.88,20525
20070914,24.25,23.79,24.19,23.87,10492
20070917,24.1,23.53,23.66,23.76,9314
20070918,24.86,23.55,24.59,23.8,12132
20070919,25.29,24.99,25.24,25.17,10658
20070920,25.49,25.23,25.27,25.42,6618
20070921,25.65,25.44,25.45,25.57,7276
20070924,25.92,25.55,25.78,25.9,8107
20070925,26.27,25.68,26.21,25.73,18127
20070926,26.58,26.25,26.55,26.39,49425
20070927,26.8,26.53,26.8,26.73,37163
20070928,27.21,26.85,27.04,27.02,10499
20071001,27.85,27.21,27.84,27.25,42226
20071002,27.61,27.26,27.51,27.6,65808
20071003,27.69,27.21,27.38,27.53,20146
20071004,27.52,27.19,27.34,27.3,25043
20071005,28.09,27.73,27.89,27.82,22677
20071008,27.83,27.39,27.45,27.82,13976
20071009,28.5,27.83,28.31,27.83,18392
20071010,28.37,28,28.27,28.25,18374
20071011,29.23,28.28,28.5,28.95,26833
20071012,28.84,28.52,28.73,28.59,13955
20071015,28.74,28.02,28.25,28.72,17176
20071016,27.74,27.28,27.58,27.67,20472
20071017,28.17,27.26,27.67,28.15,19124
20071018,28.41,28,28.35,28.15,13909
20071019,28.21,27.08,27.08,28.21,17394
20071022,27.21,26.42,27.17,26.53,21190
20071023,28.16,27.53,28.02,27.96,14078
20071024,28.11,27.24,28.11,27.99,21492
20071025,28.23,27.77,28.2,28.14,10339
20071026,29.2,28.76,29.17,28.76,8407
20071029,29.59,29.35,29.57,29.48,17780
20071030,29.33,29.09,29.09,29.23,17897
20071031,30.08,29.26,29.96,29.49,19977
20071101,29.34,28.49,28.63,29.32,50963
20071102,29.03,28.3,28.99,28.89,30420
20071105,28.48,28.01,28.25,28.08,17565
20071106,28.94,28.51,28.92,28.7,20440
20071107,29.22,28.32,28.36,29.01,32826
20071108,29,27.84,28.65,28.72,59806
20071109,29.79,27.32,27.46,27.72,31829
20071112,27.17,25.52,26.01,26.41,32816
20071113,27.52,26.88,27.49,27.05,27629
20071114,28.07,27.25,27.5,28.04,23328
20071115,27.09,26.44,26.51,26.85,21098
20071116,27.09,26.51,26.89,27.03,31219
20071119,26.95,25.94,26.09,26.69,22088
20071120,26.73,26.04,26.65,26.32,22003
20071121,25.8,25.21,25.44,25.54,33988
20071123,25.93,25.4,25.81,25.51,9722
20071126,26.44,25.33,25.35,26.27,31499
20071127,26,25.39,25.9,25.53,51446
20071128,26.91,26.08,26.9,26.19,54804
20071129,26.72,26.11,26.61,26.24,21778
20071130,27.34,26.61,26.89,27.26,18166
20071203,27.07,26.62,26.76,26.83,17882
20071204,26.48,26.2,26.34,26.31,11408
20071205,26.91,26.54,26.73,26.59,32845
20071206,27.36,26.69,27.33,26.71,22259
20071207,27.37,27.01,27.01,27.35,16483
20071210,27.62,27.09,27.62,27.18,12239
20071211,28,26.44,26.77,27.77,15878
20071212,27.88,26.92,27.15,27.81,24000
20071213,26.92,26.41,26.92,26.67,30304
20071214,26.04,25.52,25.57,25.95,27340
20071217,24.75,24.29,24.45,24.56,30596
20071218,24.9,24.06,24.59,24.75,43428
20071219,24.56,24.21,24.45,24.44,19968
20071220,24.54,24.13,24.48,24.42,32055
20071221,25.34,25.02,25.25,25.06,17552
20071224,25.75,25.19,25.53,25.47,6125
20071226,25.61,25.3,25.56,25.45,7714
20071227,25.64,25.23,25.37,25.59,15643
20071228,25.73,25.36,25.65,25.51,9229
20071231,25.73,25.3,25.35,25.41,6290
20080102,25.71,25.13,25.31,25.55,24173
20080103,25.68,25.37,25.45,25.64,21673
20080104,25.15,24.56,24.62,25.07,30070
20080107,24.77,24.31,24.55,24.67,41470
20080108,25.02,24.28,24.3,24.74,24687
20080109,24.68,24.13,24.65,24.35,30016
20080110,25.17,24.26,25.07,24.26,23111
20080111,24.5,24.1,24.2,24.41,19576
20080114,24.85,24.44,24.67,24.72,18713
20080115,24.38,23.49,23.53,24.32,27202
20080116,23.47,22.79,23.17,23.18,28915
20080117,23.46,22.16,22.24,23.33,31375
20080118,23.32,22.33,22.62,23.05,39429
20080122,21.59,19.53,21.39,20.13,41094
20080123,22.07,19.87,21.43,20.14,62850
20080124,22.48,21.9,22.48,22.17,31695
20080125,23.86,23.15,23.32,23.75,26311
20080128,23.78,22.74,23.78,23.03,23049
20080129,23.42,23.06,23.39,23.25,13389
20080130,23.43,22.54,22.73,22.56,23931
20080131,23.6,22.42,23.41,22.44,23901
20080201,24.96,24.39,24.96,24.39,26018
20080204,24.45,23.9,24.3,24.45,68501
20080205,23.43,22.96,22.99,23.28,60918
20080206,23.28,22.78,22.8,23.07,26645
20080207,23.07,22.38,22.78,22.44,34473
20080208,22.9,22.48,22.76,22.48,28127
20080211,22.98,22.55,22.91,22.74,28617
20080212,23.68,23.13,23.27,23.42,16011
20080213,22.84,22.36,22.79,22.58,20866
20080214,23.35,22.83,22.86,23.35,24464
20080215,23.28,22.89,23.26,23.14,28500
20080219,23.8,23.31,23.37,23.72,23951
20080220,23.13,22.42,23.05,22.45,25184
20080221,23.56,22.9,22.98,23.41,19927
20080222,23.46,22.9,23.36,23.33,14484
20080225,24.27,23.51,24.21,23.75,22367
20080226,24.57,24,24.48,24.04,21196
20080227,24.87,24.41,24.75,24.62,29887
20080228,24.6,24.24,24.34,24.37,20129
20080229,23.73,23.05,23.07,23.72,12521
20080303,23.36,22.92,23.35,22.99,17681
20080304,22.84,22.2,22.61,22.65,18723
20080305,23.2,22.73,23.13,22.77,15705
20080306,23.11,22.34,22.34,23.11,18664
20080307,22.09,21.34,21.75,21.73,22452
20080310,21.8,21.14,21.26,21.71,22688
20080311,22.36,21.83,22.29,22.2,26180
20080312,22.44,22.08,22.17,22.22,17535
20080313,22.51,21.7,22.4,21.79,31800
20080314,22.73,21.66,21.81,22.73,28060
20080317,21.59,20.87,21.24,20.96,32692
20080318,22.2,21.52,21.89,21.68,21475
20080319,22.72,21.44,21.44,22.6,35681
20080320,21.67,20.87,21.37,21.18,38378
20080324,22.38,21.51,22.05,21.58,22616
20080325,22.52,22.05,22.05,22.33,15149
20080326,22.76,22.46,22.56,22.7,10679
20080327,22.9,22.32,22.38,22.9,17020
20080328,22.57,22.22,22.31,22.56,13135
20080331,22.45,22.21,22.29,22.22,13071
20080401,22.97,22.58,22.92,22.69,18398
20080402,23.48,23.06,23.23,23.22,10169
20080403,23.97,23.37,23.79,23.37,28396
20080404,24.25,23.93,24.12,24.05,64654
20080407,24.53,23.53,24.2,24.36,20189
20080408,24.28,23.75,24.21,23.82,19019
20080409,23.76,23.43,23.54,23.71,13080
20080410,23.52,23.15,23.47,23.33,13308
20080411,23.25,22.99,23.03,23.09,8507
20080414,22.92,22.66,22.8,22.83,9473
20080415,23.33,23.04,23.33,23.18,11592
20080416,24.49,23.91,24.42,23.96,12375
20080417,23.96,23.7,23.91,23.78,13206
20080418,23.93,23.59,23.9,23.72,13715
20080421,24.71,24.46,24.71,24.58,10548
20080422,24.58,24.23,24.39,24.4,8397
20080423,25.07,24.75,24.92,24.95,9690
20080424,24.63,24.11,24.46,24.5,12773
20080425,24.71,24.35,24.46,24.66,47433
20080428,24.67,24.3,24.3,24.62,9146
20080429,24.09,23.89,23.99,24.03,18700
20080430,24.72,24.29,24.31,24.29,17714
20080501,24.55,24.03,24.49,24.06,12511
20080502,24.98,24.75,24.96,24.85,16135
20080505,25.16,24.84,25.14,25.07,56768
20080506,25.42,24.8,25.37,24.91,28805
20080507,24.88,24.35,24.39,24.83,16862
20080508,25.4,25.12,25.15,25.17,21857
20080509,25.41,25.1,25.32,25.14,11837
20080512,26.06,25.63,26.05,25.65,12739
20080513,25.87,25.64,25.79,25.86,16884
20080514,26.18,25.89,25.96,25.94,18352
20080515,26.44,26.02,26.41,26.05,24750
20080516,26.94,26.58,26.85,26.68,12288
20080519,27.07,26.72,26.72,26.88,12685
20080520,26.51,26.23,26.28,26.5,10765
20080521,26.52,25.97,26,26.4,14120
20080522,26.33,26.01,26.17,26.27,20234
20080523,25.97,25.55,25.66,25.89,10851
20080527,25.8,25.5,25.8,25.72,12946
20080528,25.73,25.44,25.66,25.56,10036
20080529,25.65,25.38,25.54,25.54,14700
20080530,25.81,25.39,25.8,25.42,12890
20080602,25.37,24.81,25.37,25.14,15109
20080603,25,24.56,24.71,24.92,27578
20080604,25.08,24.6,24.6,24.82,25282
20080605,25.15,24.58,25.13,24.61,24780
20080606,24.97,24.52,24.55,24.82,22679
20080609,24.58,24,24.23,24.58,14283
20080610,23.94,23.65,23.85,23.66,14030
20080611,24.04,23.6,23.61,24,22579
20080612,23.45,23.1,23.18,23.28,18313
20080613,23.67,23.27,23.62,23.35,11805
20080616,23.49,23.29,23.39,23.37,16308
20080617,24.02,23.7,23.86,23.83,15939
20080618,23.87,23.58,23.78,23.64,37673
20080619,24,23.61,23.92,23.69,19111
20080620,23.35,23.03,23.16,23.27,11567
20080623,23.36,23.13,23.26,23.34,17330
20080624,23.51,23.24,23.28,23.28,25545
20080625,23.77,23.37,23.48,23.39,11687
20080626,23.51,22.99,23.07,23.43,24027
20080627,23.67,23.35,23.43,23.46,22301
20080630,23.43,23,23,23.24,15966
20080701,22.62,22.21,22.51,22.35,31164
20080702,22.94,22.1,22.1,22.86,17002
20080703,22.3,21.91,22.08,22.22,10844
20080707,22.35,21.69,21.85,22.11,26546
20080708,22.05,21.62,22,21.77,22203
20080709,22.31,21.65,21.65,22.27,15103
20080710,22.14,21.8,22.1,21.89,18093
20080711,21.94,21.38,21.79,21.78,27470
20080714,22.31,21.93,21.98,22.25,22292
20080715,21.74,21.35,21.5,21.67,27545
20080716,22.2,21.57,22.15,21.6,24810
20080717,22.5,22.08,22.2,22.36,24218
20080718,22.12,21.89,22.02,21.99,17022
20080721,22.82,22.56,22.75,22.75,14251
20080722,22.78,22.37,22.75,22.55,18951
20080723,23.13,22.92,22.99,23.02,16770
20080724,22.91,22.38,22.41,22.86,13091
20080725,22.42,22.07,22.23,22.37,7963
20080728,21.88,21.24,21.29,21.87,7496
20080729,21.52,21.15,21.51,21.22,7838
20080730,21.76,21.38,21.7,21.46,14475
20080731,21.76,21.34,21.41,21.63,14105
20080801,21.31,20.67,20.72,21.03,14674
20080804,20.81,20.4,20.49,20.73,19174
20080805,20.7,20.3,20.7,20.3,30749
20080806,20.93,20.6,20.9,20.7,25066
20080807,20.86,20.47,20.48,20.7,11582
20080808,20.59,20.08,20.51,20.13,23670
20080811,20.64,20.35,20.42,20.48,15703
20080812,20.38,20.05,20.14,20.32,11066
20080813,19.98,19.39,19.87,19.61,17019
20080814,19.99,19.68,19.72,19.7,26602
20080815,19.65,19.41,19.59,19.55,10939
20080818,20.07,19.51,19.56,19.98,18416
20080819,19.38,19.04,19.28,19.21,19458
20080820,19.82,19.45,19.8,19.57,20675
20080821,19.81,19.3,19.81,19.3,17077
20080822,19.96,19.71,19.84,19.79,18772
20080825,19.93,19.47,19.51,19.71,14304
20080826,19.77,19.5,19.57,19.56,12570
20080827,19.92,19.65,19.87,19.82,6723
20080828,20.67,20.4,20.49,20.65,12450
20080829,20.59,20.29,20.35,20.55,9268
20080902,20.1,19.75,19.77,19.94,26483
20080903,19.66,19.31,19.52,19.59,17408
20080904,19.1,18.16,18.2,19.1,73807
20080905,18.18,17.65,18.12,17.97,26200
20080908,19.36,18.46,18.92,19.34,53602
20080909,18.52,17.58,17.6,18.45,25730
20080910,18.18,17.72,17.98,18.01,25696
20080911,17.78,16.99,17.77,17.05,24685
20080912,18.79,17.93,18.79,17.98,26456
20080915,17.88,17.18,17.19,17.5,39063
20080916,17.49,16.53,17.47,16.54,56562
20080917,16.83,15.82,16.27,16.45,68520
20080918,17.46,16.15,17.27,16.88,51936
20080919,19.24,18.16,18.82,19.07,21775
20080922,19.68,19.17,19.21,19.43,20392
20080923,19.68,18.74,18.96,19.34,19836
20080924,19.48,19.06,19.23,19.34,16694
20080925,19.73,19.33,19.56,19.33,16227
20080926,19.15,18.63,19.13,18.74,11113
20080929,17.86,16.07,16.33,17.72,36714
20080930,17.3,16.68,17.07,17.02,17660
20081001,17.53,16.96,17.28,17.21,27586
20081002,16.82,16.02,16.13,16.82,22018
20081003,17.06,16.01,16.01,16.5,15957
20081006,14.95,12.92,13.64,14.94,57825
20081007,15,13.55,13.55,15,34756
20081008,13.23,11.79,12.49,11.96,54475
20081009,13.67,11.71,12.07,13.5,33562
20081010,11.67,9.67,10.94,10.58,46920
20081013,13.99,12.24,13.93,12.46,31436
20081014,14.4,12.53,13.11,14.24,36314
20081015,12.7,11.39,11.46,12.57,23004
20081016,12.53,10.94,12.49,11.89,34413
20081017,12.4,11.19,11.63,11.19,29850
20081020,13.24,12.31,13.24,12.31,31668
20081021,12.89,12.1,12.21,12.51,18068
20081022,11.82,10.84,11.09,11.78,33745
20081023,11.41,10.17,11.14,10.95,29564
20081024,10.05,8.75,9.77,8.91,47885
20081027,9.87,9.23,9.23,9.46,29949
20081028,10.99,9.43,10.93,10.04,53584
20081029,11.7,10.54,10.88,10.65,25905
20081030,11.96,11.05,11.77,11.85,30126
20081031,11.88,11.06,11.52,11.3,38123
20081103,12.46,11.97,12.33,12.03,43100
20081104,13.63,12.91,13.63,12.93,29027
20081105,13.56,12.53,12.76,13.17,39254
20081106,12.6,11.36,11.42,12.28,40578
20081107,12.13,11.6,12.08,11.77,40059
20081110,12.44,11.23,11.36,12.27,35125
20081111,11.19,10.41,10.81,11.04,27827
20081112,10.74,9.83,9.88,10.55,52808
20081113,11.08,9.22,11.05,9.88,60511
20081114,10.52,9.74,9.89,10.05,42071
20081117,10.03,9.38,9.42,9.6,26177
20081118,9.62,8.94,9.41,9.14,20540
20081119,9.45,8.43,8.45,9.37,27734
20081120,8.48,7.31,7.49,8.22,57500
20081121,8.93,8,8.9,8.48,57733
20081124,9.71,8.78,9.41,8.86,38814
20081125,10.29,9.62,10.01,10.18,38730
20081126,10.06,9.28,10.05,9.28,27966
20081128,10.32,9.9,10.19,9.94,8276
20081201,9.6,9.03,9.03,9.46,34675
20081202,9.66,9.22,9.58,9.23,32792
20081203,9.76,9.04,9.76,9.08,34321
20081204,9.63,8.93,9.08,9.27,27576
20081205,9.53,8.61,9.45,8.76,25862
20081208,10.58,10.08,10.37,10.08,28081
20081209,10.07,9.64,9.66,9.79,36838
20081210,10.19,9.72,9.96,9.94,27459
20081211,10.28,9.65,9.88,9.83,31915
20081212,10.01,9.56,9.92,9.58,32651
20081215,10.19,9.73,9.91,9.99,23445
20081216,11.49,9.79,10.87,9.93,37401
20081217,10.87,10.34,10.63,10.37,28144
20081218,10.84,9.85,9.98,10.84,38798
20081219,10.61,10.24,10.24,10.38,21270
20081222,10.4,10.08,10.19,10.27,38214
20081223,10.37,10.01,10.01,10.17,49780
20081224,10.42,10.21,10.29,10.28,11424
20081226,10.58,10.17,10.54,10.17,8840
20081229,10.64,10.36,10.36,10.59,27589
20081230,10.86,10.57,10.81,10.67,14765
20081231,11.52,10.69,11.43,10.84,16664
20090102,11.67,11.06,11.58,11.06,19408
20090105,11.6,11.21,11.39,11.38,41086
20090106,11.97,11.6,11.83,11.64,35207
20090107,11.67,11.23,11.27,11.6,23628
20090108,11.39,10.98,11.38,11.07,10694
20090109,11.32,10.92,10.92,11.26,19168
20090112,10.77,10.33,10.42,10.77,19912
20090113,10.3,9.96,10.17,10.16,21877
20090114,10.03,9.68,9.72,9.99,23949
20090115,10.01,9.29,9.93,9.8,31390
20090116,10.22,9.65,9.99,10.2,21444
20090120,9.58,8.86,8.93,9.56,32771
20090121,9.64,8.93,9.59,9.17,34217
20090122,9.5,8.99,9.22,9.5,23630
20090123,9.06,8.48,9.01,8.48,25222
20090126,9.32,8.92,9.08,9.13,20149
20090127,9.53,9.21,9.41,9.31,19264
20090128,10.07,9.72,9.84,9.78,20236
20090129,9.5,9.19,9.2,9.47,22175
20090130,9.37,8.9,9.03,9.33,24811
20090202,9.19,8.83,9.08,8.83,18188
20090203,9.56,9.03,9.51,9.14,24875
20090204,9.46,9.07,9.13,9.17,27381
20090205,9.5,9,9.45,9.12,22504
20090206,10.21,9.57,10.09,9.57,30768
20090209,10.31,9.92,10.11,10.2,18396
20090210,9.93,9.02,9.13,9.92,44106
20090211,9.61,9.22,9.48,9.57,13489
20090212,9.6,9.16,9.56,9.32,18594
20090213,9.88,9.6,9.67,9.6,23115
20090217,9.05,8.73,8.83,9.05,22893
20090218,8.92,8.67,8.89,8.9,17908
20090219,9.45,8.98,9.01,9.45,13925
20090220,9.12,8.67,9,8.83,30251
20090223,9.09,8.56,8.61,8.99,38844
20090224,9.22,8.69,9.16,8.69,30975
20090225,9.08,8.72,8.84,9.06,21665
20090226,9.16,8.74,8.81,9.09,18452
20090227,8.85,8.47,8.64,8.58,24267
20090302,8.34,8,8.01,8.26,26021
20090303,8.42,8.08,8.2,8.31,31920
20090304,8.81,8.39,8.65,8.42,38912
20090305,8.37,7.99,8.1,8.32,26298
20090306,8.44,7.99,8.19,8.35,33930
20090309,8.22,7.92,7.93,7.94,18626
20090310,8.81,8.42,8.73,8.47,29367
20090311,8.96,8.68,8.81,8.91,25757
20090312,9.15,8.66,9.07,8.71,32527
20090313,9.47,9.22,9.34,9.35,40798
20090316,9.71,9.36,9.39,9.48,24970
20090317,9.95,9.54,9.94,9.62,40412
20090318,10.31,9.61,10.13,9.82,43342
20090319,10.61,10.33,10.36,10.4,35003
20090320,10.54,10.23,10.27,10.42,33035
20090323,11.21,10.6,11.12,10.6,45903
20090324,11.16,10.75,10.81,10.82,43776
20090325,11.24,10.67,11.05,10.98,36110
20090326,11.53,11.28,11.43,11.31,75421
20090327,11.08,10.87,11.02,11.06,21360
20090330,10.52,10.27,10.37,10.42,29510
20090331,10.99,10.62,10.81,10.8,48635
20090401,11.13,10.66,11.04,10.75,70397
20090402,12.01,11.62,11.83,11.63,70499
20090403,11.99,11.6,11.98,11.72,32267
20090406,11.81,11.52,11.74,11.8,19169
20090407,11.64,11.37,11.4,11.55,42043
20090408,11.54,11.2,11.3,11.42,63697
20090409,11.87,11.64,11.84,11.76,22176
20090413,12.25,11.75,12.12,11.91,30613
20090414,12.19,11.89,11.92,12.06,32433
20090415,12.2,11.76,12.16,11.8,37868
20090416,12.28,11.98,12.2,12.2,23063
20090417,12.16,11.94,12.13,12.07,18951
20090420,11.58,11.15,11.15,11.46,28368
20090421,11.6,10.97,11.57,11.06,22474
20090422,11.6,11.19,11.29,11.33,27533
20090423,11.85,11.54,11.82,11.7,28663
20090424,12.13,11.92,12.01,11.97,23594
20090427,11.84,11.56,11.62,11.66,32039
20090428,11.62,11.21,11.41,11.24,35780
20090429,12.16,11.66,12.02,11.68,22343
20090430,12.55,12.11,12.11,12.35,67267
20090501,12.37,12.06,12.23,12.18,72266
20090504,13.11,12.65,13.06,12.79,61830
20090505,13.12,12.81,12.91,12.97,35820
20090506,13.37,12.96,13.22,13.16,60094
20090507,14.01,13.02,13.11,14.01,46244
20090508,13.91,13.33,13.8,13.62,46015
20090511,13.48,13.1,13.17,13.48,38245
20090512,13.44,13.03,13.3,13.39,37424
20090513,12.84,12.44,12.5,12.84,40713
20090514,12.78,12.37,12.72,12.42,28318
20090515,12.81,12.36,12.43,12.71,21468
20090518,13.16,12.72,13.07,12.72,34693
20090519,13.59,13.3,13.36,13.58,34038
20090520,13.74,13.37,13.37,13.56,40004
20090521,13.18,12.81,13.08,13.01,28089
20090522,13.41,13.2,13.23,13.31,36207
20090526,13.68,12.95,13.66,13.03,45711
20090527,13.53,13.05,13.1,13.47,38130
20090528,13.31,12.91,13.24,13.16,55300
20090529,13.92,13.58,13.89,13.7,46635
20090601,14.69,14.25,14.58,14.33,52345
20090602,15,14.65,14.87,14.69,49687
20090603,14.8,14.22,14.4,14.79,49135
20090604,14.46,14.03,14.32,14.18,42897
20090605,14.74,14.17,14.27,14.74,31490
20090608,14.17,13.75,14.03,14,29317
20090609,14.55,14.24,14.44,14.37,24107
20090610,15.01,14.47,14.77,14.95,45790
20090611,15.45,15.04,15.27,15.07,42194
20090612,15.12,14.81,15.07,15.01,26241
20090615,14.65,14.13,14.28,14.58,37413
20090616,14.6,14.05,14.14,14.59,50936
20090617,14.1,13.6,13.9,13.89,52617
20090618,14.29,13.88,14.14,14.03,52826
20090619,14.41,14.12,14.23,14.27,21625
20090622,13.95,13.52,13.53,13.92,45682
20090623,13.61,13.18,13.5,13.57,52446
20090624,14,13.56,13.78,13.85,31064
20090625,14.19,13.69,14.14,13.71,30018
20090626,14.37,14.16,14.28,14.23,18514
20090629,14.45,14.16,14.44,14.29,18749
20090630,14.54,14.19,14.27,14.45,19523
20090701,14.51,14.29,14.34,14.36,24172
20090702,13.9,13.65,13.69,13.86,30723
20090706,13.59,13.26,13.59,13.31,31561
20090707,13.61,13.05,13.12,13.61,37024
20090708,13.41,12.79,13.02,13.28,50847
20090709,13.37,13.09,13.22,13.34,22527
20090710,13.22,13,13.19,13.06,26685
20090713,13.39,12.87,13.32,13.04,36599
20090714,13.97,13.68,13.88,13.86,42024
20090715,14.69,14.36,14.69,14.4,63065
20090716,14.92,14.63,14.82,14.7,30955
20090717,14.8,14.6,14.75,14.72,31047
20090720,15.3,14.99,15.28,15.17,37203
20090721,15.46,14.97,15.19,15.45,58240
20090722,15.3,14.98,15.16,15.07,45507
20090723,15.62,15.17,15.5,15.19,41070
20090724,15.51,15.24,15.45,15.39,23682
20090727,15.73,15.47,15.69,15.63,25126
20090728,15.9,15.57,15.76,15.73,29291
20090729,15.62,15.32,15.5,15.6,26046
20090730,16.31,15.99,16.08,16.07,35819
20090731,16.46,16.04,16.4,16.06,27484
20090803,16.92,16.63,16.91,16.67,54088
20090804,16.99,16.66,16.9,16.73,33721
20090805,16.8,16.37,16.73,16.73,31536
20090806,17.12,16.7,16.85,17.09,51589
20090807,17.06,16.79,16.94,16.93,30064
20090810,16.91,16.52,16.72,16.78,42853
20090811,16.69,16.49,16.55,16.64,35592
20090812,17.18,16.54,17,16.63,38201
20090813,17.65,17.32,17.59,17.51,30066
20090814,17.65,16.91,17.08,17.64,74214
20090817,16.66,16.42,16.59,16.63,38510
20090818,17.03,16.67,16.94,16.75,24466
20090819,17.1,16.55,17.03,16.56,27321
20090820,16.99,16.68,16.97,16.8,24768
20090821,17.05,16.78,16.96,16.84,29237
20090824,17.66,17.37,17.38,17.59,31203
20090825,17.71,17.33,17.4,17.58,36294
20090826,17.33,17.08,17.21,17.22,17146
20090827,17.73,17.21,17.63,17.47,33598
20090828,18.08,17.72,17.84,18.04,21673
20090831,17.79,17.55,17.74,17.7,27502
20090901,18.06,17.28,17.32,17.79,62403
20090902,17.47,17.14,17.27,17.24,39200
20090903,17.7,17.36,17.66,17.57,56501
20090904,18.06,17.57,18,17.66,53752
20090908,18.75,18.55,18.59,18.73,53520
20090909,18.82,18.56,18.66,18.7,64902
20090910,18.98,18.52,18.94,18.66,29852
20090911,19.13,18.82,18.9,18.99,28246
20090914,18.81,18.51,18.79,18.56,30155
20090915,18.91,18.48,18.79,18.68,53995
20090916,19.81,19.45,19.79,19.56,97740
20090917,19.75,19.42,19.5,19.55,50676
20090918,19.64,19.4,19.52,19.64,24896
20090921,19.34,19.05,19.29,19.16,23793
20090922,19.72,19.54,19.68,19.68,34280
20090923,20.09,19.53,19.64,19.88,47218
20090924,19.89,19.21,19.26,19.82,61895
20090925,19.63,19.3,19.47,19.3,52740
20090928,19.92,19.45,19.83,19.51,35163
20090929,20.04,19.77,19.93,19.92,28803
20090930,20.28,19.81,20.07,20.23,48321
20091001,19.97,19.22,19.25,19.97,58515
20091002,19.09,18.59,18.91,18.73,52490
20091005,19.46,19.07,19.34,19.17,55712
20091006,19.98,19.67,19.83,19.72,57753
20091007,20.17,19.91,20.1,19.98,33726
20091008,21.12,20.7,20.95,20.78,78579
20091009,20.89,20.65,20.84,20.76,53842
20091012,21.01,20.82,20.91,20.92,34551
20091013,21,20.74,20.9,20.93,57157
20091014,21.69,21.44,21.62,21.55,54622
20091015,21.82,21.54,21.79,21.61,55405
20091016,21.59,21.3,21.51,21.39,39583
20091019,21.92,21.5,21.84,21.6,37785
20091020,21.93,21.43,21.58,21.93,50887
20091021,22.04,21.54,21.56,21.64,69862
20091022,21.89,21.29,21.88,21.54,46253
20091023,21.98,21.48,21.62,21.95,48496
20091026,21.91,21.18,21.28,21.61,67953
20091027,21.3,20.86,20.99,21.18,57177
20091028,20.42,19.73,19.93,20.32,124905
20091029,20.48,19.93,20.39,20.02,89613
20091030,20.18,19.21,19.4,20.07,83214
20091102,20.08,19.36,19.75,19.66,83851
20091103,19.62,19.03,19.6,19.2,76602
20091104,20.07,19.73,19.78,19.93,64598
20091105,20.07,19.83,20,19.92,46935
20091106,20.47,20.04,20.4,20.08,68383
20091109,21.48,21.12,21.43,21.17,84072
20091110,21.54,21.25,21.5,21.3,63441
20091111,21.84,21.5,21.6,21.69,63076
20091112,21.7,21.05,21.12,21.58,57115
20091113,21.61,21.12,21.58,21.26,42670
20091116,22.04,21.71,21.97,21.71,65964
20091117,21.63,21.19,21.6,21.35,59738
20091118,21.61,21.31,21.49,21.6,47388
20091119,21.11,20.66,20.99,21.1,66815
20091120,20.94,20.47,20.77,20.53,42841
20091123,21.45,21.19,21.26,21.43,35739
20091124,21.04,20.67,20.88,21.04,53571
20091125,21.49,21.13,21.46,21.25,30774
20091127,20.47,19.72,20.29,19.94,59999
20091130,20.9,20.5,20.8,20.59,48308
20091201,21.5,21.21,21.37,21.34,63231
20091202,21.64,21.31,21.35,21.4,35829
20091203,21.64,21.09,21.09,21.49,52793
20091204,21.51,20.73,20.99,21.37,79634
20091207,20.82,20.46,20.6,20.49,61581
20091208,20.36,20.04,20.14,20.36,76354
20091209,20.33,20,20.28,20.18,69646
20091210,20.66,20.46,20.54,20.57,46326
20091211,20.63,20.38,20.43,20.61,38542
20091214,20.67,20.42,20.64,20.55,29564
20091215,20.47,20.2,20.3,20.32,43599
20091216,20.37,20.17,20.21,20.27,44472
20091217,19.86,19.67,19.86,19.82,47026
20091218,20.01,19.67,20,19.94,33298
20091221,19.89,19.7,19.74,19.75,38625
20091222,20.02,19.82,19.86,19.99,54120
20091223,20.28,20.06,20.16,20.08,38361
20091224,20.61,20.34,20.61,20.43,11775
20091228,20.78,20.56,20.66,20.72,43590
20091229,21.19,20.89,20.89,21.12,43822
20091230,20.98,20.74,20.88,20.85,24281
20091231,21.18,20.92,20.92,21.13,20736
20100104,21.89,21.56,21.8,21.58,49675
20100105,21.98,21.7,21.87,21.88,55013
20100106,22.07,21.85,21.96,21.88,56565
20100107,21.88,21.69,21.85,21.85,31273
20100108,22.15,21.82,22.13,21.92,30142
20100111,22.45,22.18,22.37,22.44,55664
20100112,21.91,21.52,21.57,21.73,61072
20100113,21.95,21.56,21.93,21.76,42101
20100114,22.25,22.05,22.23,22.12,43473
20100115,22.02,21.63,21.72,21.97,42175
20100119,22.11,21.62,22.07,21.71,32021
20100120,21.52,21.18,21.36,21.5,48799
20100121,21.4,20.58,20.58,21.33,90861
20100122,20.69,20.12,20.12,20.58,68388
20100125,20.57,20.32,20.46,20.53,49015
20100126,20.38,19.96,20.06,20.08,69957
20100127,20.03,19.6,19.96,19.85,63999
20100128,20.33,19.67,19.76,20.32,41088
20100129,19.86,19.15,19.18,19.72,112088
20100201,19.69,19.31,19.69,19.36,65842
20100202,19.92,19.53,19.84,19.65,59814
20100203,19.82,19.53,19.57,19.73,50063
20100204,19.29,18.52,18.55,19.25,70857
20100205,18.73,18.11,18.67,18.55,117073
20100208,18.94,18.51,18.54,18.77,50379
20100209,19.4,18.85,19.14,19.06,55749
20100210,19.13,18.68,19.01,19.01,66185
20100211,19.74,19.17,19.74,19.32,52788
20100212,19.46,19.02,19.36,19.15,94609
20100216,20.24,19.86,20.22,19.94,37777
20100217,20.58,20.35,20.46,20.54,67859
20100218,20.65,20.33,20.63,20.33,39886
20100219,20.54,20.18,20.46,20.28,45932
20100222,20.84,20.64,20.76,20.83,48840
20100223,20.86,20.22,20.3,20.8,51476
20100224,20.44,20.09,20.42,20.16,46800
20100225,19.94,19.37,19.9,19.48,82323
20100226,20.33,19.92,20.22,20.15,63370
20100301,20.85,20.52,20.85,20.59,57697
20100302,21.17,20.93,20.97,21,53852
20100303,21.39,21.13,21.23,21.2,32701
20100304,21.26,21,21.1,21.23,37261
20100305,21.71,21.39,21.69,21.44,35702
20100308,21.72,21.56,21.56,21.69,47806
20100309,21.93,21.52,21.8,21.52,64340
20100310,22.04,21.72,21.88,21.86,44367
20100311,21.82,21.6,21.81,21.74,30770
20100312,21.93,21.72,21.8,21.92,29746
20100315,21.61,21.36,21.55,21.55,42094
20100316,21.97,21.62,21.97,21.71,42318
20100317,22.35,22.14,22.24,22.18,62195
20100318,22.19,21.98,22.06,22.15,63151
20100319,22.18,21.76,21.83,21.83,34207
20100322,22.04,21.54,21.99,21.55,59382
20100323,22.34,22.01,22.33,22.11,39248
20100324,22.07,21.83,21.84,21.89,62826
20100325,22.27,21.85,21.9,22.16,47007
20100326,22.06,21.74,21.91,21.97,45138
20100329,22.36,22.14,22.3,22.19,57550
20100330,22.45,22.21,22.34,22.39,35763
20100331,22.19,21.96,22.09,22.04,53409
20100401,22.55,22.35,22.55,22.37,35126
20100405,22.74,22.53,22.7,22.65,43932
20100406,22.88,22.59,22.86,22.61,48992
20100407,22.79,22.54,22.68,22.77,52558
20100408,22.73,22.36,22.67,22.44,34816
20100409,22.9,22.73,22.87,22.78,38224
20100412,22.88,22.76,22.79,22.82,32108
20100413,22.76,22.49,22.74,22.75,33791
20100414,23.22,22.98,23.2,23.03,35445
20100415,23.19,23.02,23.15,23.06,33385
20100416,23.02,22.39,22.56,22.96,48348
20100419,22.44,22.09,22.4,22.19,47211
20100420,22.81,22.64,22.75,22.75,38124
20100421,22.71,22.39,22.63,22.66,34877
20100422,22.48,22.01,22.46,22.22,45564
20100423,22.37,21.94,22.37,22.06,48875
20100426,22.5,22.25,22.32,22.44,31784
20100427,22.08,21.32,21.43,21.97,56190
20100428,21.96,21.59,21.83,21.8,45279
20100429,22.09,21.89,22.04,21.96,35947
20100430,22.03,21.46,21.52,22,53101
20100503,21.93,21.62,21.81,21.76,46660
20100504,20.88,20.44,20.57,20.87,87127
20100505,20.71,20.2,20.38,20.28,81414
20100506,20.12,16.35,18.89,19.94,127974
20100507,19.42,18.49,18.92,19.17,116885
20100510,20.64,20.25,20.51,20.39,156286
20100511,20.37,19.84,20,19.84,89743
20100512,20.26,20.02,20.16,20.14,58973
20100513,20.4,20,20.03,20.19,60302
20100514,19.79,19.14,19.29,19.72,101783
20100517,19.43,18.61,19.08,19.28,112223
20100518,19.24,18.4,18.52,19.18,60547
20100519,17.98,17.36,17.81,17.83,104441
20100520,17.03,16.34,16.55,16.84,106030
20100521,17.38,16.4,17.37,16.5,143773
20100524,17.73,17.32,17.33,17.52,53060
20100525,17.18,16.37,17.18,16.45,75346
20100526,17.67,16.94,17.02,17.34,84164
20100527,18.33,17.81,18.32,17.89,59028
20100528,18.43,17.98,18.19,18.36,56576
20100601,18.04,17.52,17.56,17.67,50434
20100602,18.16,17.54,18.14,17.62,39523
20100603,18.51,17.97,18.2,18.41,194658
20100604,17.71,17.01,17.16,17.63,116112
20100607,17.21,16.71,16.73,17.18,46120
20100608,17.6,16.95,17.51,17.08,77145
20100609,18.06,17.45,17.56,17.72,61518
20100610,18.65,18.36,18.6,18.43,62632
20100611,18.75,18.3,18.71,18.32,40514
20100614,19.29,18.83,18.86,19.09,64163
20100615,19.4,18.85,19.31,18.85,59167
20100616,19.31,18.95,19.17,18.95,74660
20100617,19.26,18.87,19.12,19.21,68236
20100618,19.42,19.23,19.31,19.36,27071
20100621,19.89,19.38,19.54,19.84,45705
20100622,19.59,19.03,19.14,19.53,49501
20100623,19.21,18.74,19.03,19.07,51967
20100624,18.83,18.49,18.61,18.77,63095
20100625,18.78,18.28,18.73,18.56,52015
20100628,18.61,18.33,18.45,18.61,60197
20100629,17.84,17.35,17.49,17.84,80477
20100630,17.61,17.19,17.27,17.36,91618
20100701,17.4,16.85,17.28,17.24,93323
20100702,17.57,17.1,17.27,17.49,39137
20100706,18.01,17.45,17.57,17.77,36816
20100707,18.2,17.57,18.17,17.59,71285
20100708,18.87,18.42,18.64,18.74,64866
20100709,18.85,18.59,18.79,18.65,31521
20100712,18.81,18.56,18.65,18.65,55392
20100713,19.04,18.76,18.91,18.78,45217
20100714,19.18,18.87,19.02,18.94,45460
20100715,19.08,18.62,19,19.04,62558
20100716,18.75,18.27,18.33,18.72,37524
20100719,18.48,18.15,18.39,18.39,22098
20100720,19.13,18.42,19.08,18.45,36323
20100721,19.11,18.51,18.61,19.08,52093
20100722,19.42,19.04,19.25,19.05,48687
20100723,19.66,19.31,19.6,19.41,31771
20100726,19.94,19.61,19.9,19.67,26637
20100727,20.04,19.69,19.82,19.98,72848
20100728,19.78,19.54,19.67,19.66,39211
20100729,20.08,19.57,19.85,20,42591
20100730,19.96,19.53,19.84,19.57,37634
20100802,20.62,20.24,20.55,20.36,39791
20100803,20.5,20.2,20.31,20.34,35172
20100804,20.6,20.29,20.54,20.39,33619
20100805,20.41,20.22,20.37,20.35,65189
20100806,20.4,19.99,20.36,20.14,54243
20100809,20.7,20.47,20.57,20.67,47399
20100810,20.32,19.88,20.18,20.04,41872
20100811,19.4,19.14,19.18,19.36,44919
20100812,19.21,18.86,19.13,18.89,56511
20100813,19.47,19.27,19.29,19.3,25044
20100816,19.59,19.19,19.52,19.23,16501
20100817,20.07,19.75,19.9,19.78,33552
20100818,19.98,19.61,19.75,19.98,26093
20100819,19.66,19.16,19.33,19.59,30320
20100820,19.39,19.01,19.39,19.09,15482
20100823,19.58,19.19,19.19,19.44,27148
20100824,18.85,18.51,18.7,18.7,44988
20100825,18.71,18.23,18.65,18.42,34185
20100826,19.08,18.68,18.74,18.96,36851
20100827,19.49,18.76,19.46,19.06,79414
20100830,19.6,19.31,19.31,19.49,33460
20100831,19.49,19.17,19.35,19.27,29434
20100901,20.62,20.17,20.52,20.17,71696
20100902,20.57,20.37,20.54,20.4,48953
20100903,20.83,20.59,20.71,20.77,54747
20100907,20.7,20.43,20.51,20.58,86332
20100908,20.84,20.58,20.72,20.59,49950
20100909,21.27,20.99,21.04,21.27,29759
20100910,21.08,20.88,20.99,20.99,30975
20100913,21.56,21.41,21.52,21.43,34111
20100914,21.84,21.37,21.71,21.44,49200
20100915,21.72,21.43,21.7,21.58,73922
20100916,21.49,21.27,21.49,21.35,35328
20100917,21.6,21.34,21.41,21.57,24183
20100920,22,21.61,21.93,21.7,41375
20100921,22.01,21.57,21.83,21.79,56020
20100922,22.1,21.73,21.85,21.95,55655
20100923,21.9,21.53,21.62,21.61,63234
20100924,22.29,22.01,22.24,22.03,37842
20100927,22.44,22.24,22.27,22.3,28372
20100928,22.7,22.15,22.67,22.44,54544
20100929,22.54,22.29,22.42,22.41,34806
20100930,22.42,21.84,22.03,22.31,54083
20101001,22.3,21.98,22.28,22.24,37456
20101004,22.32,21.91,22.07,22.21,61000
20101005,22.68,22.19,22.61,22.26,56290
20101006,22.95,22.75,22.82,22.8,26752
20101007,23.18,22.67,22.76,23.16,52426
20101008,23.18,22.72,23.15,22.8,45981
20101011,23.16,22.92,23.02,23.06,35504
20101012,22.86,22.41,22.8,22.68,57137
20101013,23.15,22.78,22.97,22.83,40782
20101014,23.29,22.98,23.18,23.15,24617
20101015,23.35,22.9,23.13,23.29,24741
20101018,23.24,22.84,23.05,22.94,25170
20101019,22.58,22.1,22.2,22.45,64386
20101020,22.94,22.34,22.76,22.39,33605
20101021,22.9,22.25,22.49,22.68,40673
20101022,22.74,22.55,22.63,22.69,23916
20101025,23.45,23.15,23.17,23.35,29896
20101026,23,22.78,22.95,22.83,23045
20101027,22.52,22.12,22.5,22.37,27991
20101028,22.92,22.62,22.75,22.89,41937
20101029,22.76,22.56,22.76,22.62,24731
20101101,23.22,22.8,22.93,23.13,38156
20101102,23.58,23.44,23.47,23.53,35824
20101103,23.71,23.17,23.68,23.51,41824
20101104,24.55,24.25,24.53,24.33,52392
20101105,24.65,24.44,24.56,24.5,46869
20101108,24.38,24.1,24.31,24.16,28899
20101109,24.35,23.7,23.75,24.31,67924
20101110,23.88,23.42,23.86,23.7,41293
20101111,23.63,23.43,23.57,23.63,56006
20101112,23.47,22.89,23.08,23.39,32977
20101115,23.42,23.07,23.1,23.3,36765
20101116,23.01,22.45,22.61,23.01,57655
20101117,22.75,22.51,22.61,22.59,37040
20101118,23.23,22.99,23.11,23.02,35941
20101119,22.91,22.64,22.91,22.76,27563
20101122,22.92,22.5,22.88,22.81,24298
20101123,22.28,21.91,22,22.18,85659
20101124,22.69,22.44,22.61,22.46,33018
20101126,22.12,21.93,21.94,21.98,37222
20101129,22.23,21.75,22.21,21.95,71199
20101130,22.02,21.71,21.81,21.74,77800
20101201,22.5,22.18,22.46,22.23,46840
20101202,23.13,22.62,23.03,22.65,34998
20101203,23.41,23.1,23.34,23.1,30895
20101206,23.29,23.1,23.19,23.17,23606
20101207,23.71,23.23,23.23,23.68,30187
20101208,23.19,22.82,23.07,23.18,45018
20101209,23.44,23.17,23.3,23.42,25393
20101210,23.53,23.37,23.49,23.49,15062
20101213,23.95,23.71,23.79,23.78,20243
20101214,24.13,23.84,23.91,23.9,51722
20101215,23.83,23.39,23.43,23.71,52405
20101216,23.72,23.46,23.7,23.61,22503
20101217,23.58,23.38,23.58,23.5,16582
20101220,23.67,23.45,23.58,23.61,12427
20101221,23.92,23.81,23.85,23.85,18950
20101222,24.03,23.89,24,23.9,20791
20101223,24.19,24.05,24.11,24.08,18293
20101227,24.08,23.85,24.08,24.05,17695
20101228,24.4,24.11,24.15,24.4,13827
20101229,24.41,24.28,24.34,24.34,12119
20101230,24.37,24.17,24.33,24.33,9817
20101231,24.39,24.06,24.35,24.14,10962
20110103,24.65,24.38,24.5,24.46,21914
20110104,23.99,23.61,23.84,23.98,42750
20110105,23.71,23.41,23.67,23.45,28534
20110106,23.64,23.31,23.42,23.61,44093
20110107,23.47,23.09,23.33,23.41,46935
20110110,23.41,23.08,23.36,23.21,38597
20110111,23.37,23.18,23.32,23.27,41549
20110112,23.68,23.43,23.62,23.56,52639
20110113,24.03,23.72,23.79,23.91,38701
20110114,23.85,23.62,23.8,23.65,26908
20110118,24.02,23.86,24.01,23.93,24700
20110119,24.28,23.89,23.99,24.24,18511
20110120,23.63,23.3,23.57,23.54,35005
20110121,23.68,23.48,23.55,23.66,21704
20110124,24.04,23.65,23.94,23.67,14378
20110125,23.82,23.54,23.82,23.68,44661
20110126,24.08,23.83,24.01,23.91,59978
20110127,23.98,23.78,23.94,23.9,54933
20110128,23.98,23.41,23.48,23.92,37780
20110131,23.84,23.59,23.78,23.65,35334
20110201,24.41,24.05,24.28,24.08,40978
20110202,24.25,24.1,24.2,24.15,26442
20110203,24.57,24.21,24.54,24.38,24323
20110204,24.91,24.62,24.77,24.89,33285
20110207,24.97,24.81,24.86,24.82,21730
20110208,25.09,24.82,25.01,24.89,33262
20110209,24.95,24.72,24.88,24.86,21018
20110210,24.78,24.55,24.77,24.63,75753
20110211,24.77,24.46,24.7,24.49,34674
20110214,24.96,24.79,24.94,24.82,24714
20110215,24.84,24.62,24.68,24.79,30417
20110216,25.02,24.72,24.93,24.75,44992
20110217,25.26,24.86,25.22,24.92,67055
20110218,25.26,25.06,25.18,25.11,31008
20110222,24.65,24.15,24.23,24.54,38040
20110223,24.45,24.09,24.33,24.34,31304
20110224,24.56,24.18,24.44,24.45,32581
20110225,24.96,24.74,24.94,24.74,24111
20110228,25.07,24.9,25.02,24.96,21471
20110301,24.95,24.41,24.44,24.91,55543
20110302,24.85,24.6,24.75,24.6,44768
20110303,25.03,24.8,25.02,24.89,32022
20110304,24.93,24.63,24.86,24.91,50955
20110307,24.85,24.3,24.45,24.81,33270
20110308,24.75,24.36,24.64,24.45,51507
20110309,24.56,24.34,24.47,24.47,38349
20110310,23.79,23.55,23.59,23.78,45422
20110311,23.94,23.34,23.88,23.36,44497
20110314,23.63,23.32,23.62,23.48,36231
20110315,23,22.32,22.91,22.41,83156
20110316,22.88,22.08,22.36,22.79,80302
20110317,22.84,22.56,22.65,22.77,40446
20110318,23.39,23.19,23.31,23.35,70229
20110321,23.93,23.79,23.86,23.84,38135
20110322,23.98,23.82,23.86,23.92,32289
20110323,24.17,23.73,24.06,23.81,33875
20110324,24.65,24.32,24.57,24.42,44046
20110325,24.84,24.58,24.68,24.64,42924
20110328,24.81,24.65,24.66,24.69,38665
20110329,25.1,24.62,25.07,24.67,53916
20110330,25.5,25.29,25.45,25.35,36808
20110331,25.64,25.42,25.53,25.46,47154
20110401,25.93,25.6,25.84,25.73,58866
20110404,25.81,25.64,25.81,25.75,27236
20110405,25.88,25.62,25.78,25.65,27468
20110406,26.3,26.1,26.21,26.14,55998
20110407,26.39,25.98,26.19,26.3,39028
20110408,26.66,26.36,26.47,26.63,32935
20110411,26.87,26.48,26.53,26.82,29040
20110412,26.27,25.92,26,26.26,31926
20110413,26.38,26.05,26.21,26.26,30461
20110414,26.31,25.9,26.27,25.98,36978
20110415,26.23,26,26.14,26.12,39769
20110418,25.8,25.43,25.78,25.8,37271
20110419,25.86,25.65,25.82,25.72,28231
20110420,26.72,26.54,26.62,26.55,30666
20110421,26.96,26.74,26.95,26.79,27121
20110425,27.02,26.81,26.98,27,30344
20110426,27.23,26.91,27.13,26.98,52000
20110427,27.25,26.76,27.19,26.98,53209
20110428,27.27,26.96,27.26,27.05,40936
20110429,27.19,26.9,27.18,26.96,65856
20110502,27.13,26.78,26.84,26.98,27736
20110503,26.66,26.23,26.41,26.54,42109
20110504,26.19,25.65,25.73,26.17,49205
20110505,25.74,25.16,25.32,25.61,82281
20110506,26.23,25.63,25.79,26.1,59497
20110509,26.14,25.79,26.1,25.9,23353
20110510,26.28,25.95,26.24,26.01,60462
20110511,26.24,25.55,25.7,26.21,67957
20110512,25.62,25.12,25.54,25.33,48430
20110513,25.5,24.92,25.12,25.47,45652
20110516,25.44,24.99,25.11,25.13,71036
20110517,25.37,24.87,25.32,25.05,49971
20110518,25.63,25.21,25.56,25.28,50146
20110519,25.93,25.6,25.79,25.87,45122
20110520,25.75,25.33,25.53,25.63,34528
20110523,24.79,24.54,24.68,24.65,77164
20110524,25.02,24.76,24.86,24.91,30956
20110525,24.84,24.52,24.77,24.56,47563
20110526,25.33,24.93,25.21,25.1,53289
20110527,25.61,25.37,25.45,25.46,48128
20110531,25.68,25.4,25.63,25.64,63231
20110601,25.65,24.94,25.01,25.61,80413
20110602,25.04,24.62,24.98,24.92,49973
20110603,25.07,24.49,24.8,24.49,51737
20110606,24.98,24.64,24.69,24.96,52461
20110607,25.11,24.87,24.89,24.99,33718
20110608,24.6,24.36,24.42,24.48,46137
20110609,24.87,24.51,24.76,24.55,33995
20110610,24.6,24.15,24.24,24.56,67118
20110613,24.5,24.12,24.31,24.39,34138
20110614,25.08,24.82,24.97,24.84,49684
20110615,24.7,24.14,24.25,24.6,58979
20110616,24.14,23.79,24.02,23.95,56141
20110617,24.44,24.12,24.32,24.39,77749
20110620,24.19,23.97,24.14,24,71249
20110621,24.63,24.33,24.59,24.34,38113
20110622,24.7,24.37,24.39,24.44,27006
20110623,24.25,23.68,24.25,23.87,73475
20110624,24.31,23.94,23.99,24.29,25933
20110627,24.02,23.68,23.95,23.77,33548
20110628,24.45,24.06,24.44,24.11,54673
20110629,24.95,24.6,24.83,24.73,51022
20110630,25.49,25.28,25.4,25.33,31480
20110701,25.64,25.06,25.59,25.15,35286
20110705,25.26,25.06,25.16,25.2,42780
20110706,25.07,24.86,24.99,24.97,30731
20110707,25.54,25.32,25.43,25.34,41913
20110708,25.31,25.07,25.3,25.18,31657
20110711,24.82,24.48,24.57,24.73,31839
20110712,24.48,24.16,24.21,24.25,36326
20110713,24.96,24.48,24.68,24.56,53039
20110714,24.78,24.29,24.35,24.67,44090
20110715,24.3,24.03,24.2,24.26,38107
20110718,24.09,23.78,23.95,24.05,34915
20110719,24.63,24.33,24.54,24.36,49732
20110720,24.92,24.74,24.83,24.88,24348
20110721,25.38,24.93,25.25,24.97,48184
20110722,25.45,25.25,25.43,25.42,21133
20110725,25.2,24.97,25.09,25.04,31405
20110726,25.45,25.21,25.33,25.36,26504
20110727,25.41,24.93,25.03,25.41,46816
20110728,25.11,24.76,24.81,24.98,25340
20110729,24.74,24.34,24.56,24.41,41625
20110801,25.14,24.37,24.59,25.12,80767
20110802,24.35,23.81,23.83,24.22,59606
20110803,23.59,23.01,23.56,23.49,71177
20110804,22.73,21.81,21.85,22.68,73902
20110805,22.04,20.97,21.63,22.03,123688
20110808,21.02,19.8,19.84,20.71,111619
20110809,21.85,20.26,21.84,21,155885
20110810,21.46,20.74,20.78,21.36,101050
20110811,22.37,21.17,22.06,21.24,126621
20110812,22.38,21.98,22.19,22.26,80184
20110815,23.2,22.86,23.16,22.88,51277
20110816,22.86,22.32,22.67,22.55,92517
20110817,23.39,22.88,23.08,23.16,62344
20110818,22.24,21.61,21.96,22.22,96871
20110819,22.29,21.62,21.68,21.76,52914
20110822,22.24,21.66,21.71,22.24,90378
20110823,22.83,22.09,22.74,22.2,70922
20110824,22.75,22.28,22.63,22.45,42951
20110825,22.8,22.16,22.25,22.69,64970
20110826,22.92,21.96,22.82,22.31,50770
20110829,23.51,23.2,23.49,23.2,26816
20110830,23.57,23.06,23.47,23.2,87424
20110831,23.9,23.51,23.69,23.7,38854
20110901,23.81,23.42,23.44,23.56,59409
20110902,23.05,22.71,22.83,22.85,37027
20110906,22.33,21.91,22.29,21.99,72373
20110907,23.21,22.82,23.18,22.86,34836
20110908,23.07,22.59,22.67,22.8,58864
20110909,22.36,21.77,21.93,22.31,101904
20110912,21.61,21.06,21.59,21.27,55514
20110913,21.7,21.35,21.64,21.51,74194
20110914,21.66,20.94,21.44,21.35,58474
20110915,21.87,21.53,21.83,21.75,43614
20110916,22.11,21.8,22.01,22.01,28100
20110919,21.49,21.07,21.37,21.28,31894
20110920,21.68,21.22,21.24,21.47,48770
20110921,21.31,20.42,20.44,21.25,45424
20110922,19.55,18.99,19.28,19.45,84432
20110923,19.65,19.26,19.42,19.29,75768
20110926,19.99,19.31,19.95,19.68,80380
20110927,21.01,20.48,20.59,20.78,52919
20110928,20.78,19.97,20.02,20.62,44177
20110929,20.53,19.68,20.1,20.35,48596
20110930,19.89,19.38,19.41,19.59,41211
20111003,19.44,18.72,18.75,19.17,63604
20111004,19.2,18.26,19.19,18.49,85000
20111005,19.83,19.25,19.76,19.45,61507
20111006,20.7,20.02,20.65,20.15,46304
20111007,21.24,20.64,20.78,21.2,74504
20111010,21.83,21.45,21.77,21.48,44784
20111011,21.74,21.36,21.72,21.42,47379
20111012,22.46,22.05,22.12,22.11,45984
20111013,22.26,21.77,22.2,22.01,32660
20111014,22.71,22.43,22.67,22.54,29160
20111017,22.46,21.93,22.03,22.42,68629
20111018,22.59,21.6,22.37,21.9,51884
20111019,22.45,21.85,21.95,22.28,32863
20111020,21.96,21.45,21.89,21.89,38651
20111021,22.42,22.06,22.37,22.17,89278
20111024,23.2,22.66,23.11,22.67,42970
20111025,22.84,22.41,22.47,22.77,72678
20111026,22.87,22.32,22.8,22.8,41665
20111027,24.67,24.01,24.51,24.28,52892
20111028,24.27,23.96,24.22,24,51989
20111031,23.51,23.09,23.09,23.48,42773
20111101,22.55,21.94,22.21,22.02,61853
20111102,22.65,22.19,22.49,22.51,39265
20111103,23.06,22.35,22.97,22.79,40242
20111104,22.93,22.42,22.86,22.79,68236
20111107,23.06,22.62,23.02,22.87,32890
20111108,23.39,22.89,23.32,23.1,26021
20111109,22.52,22.08,22.11,22.5,23272
20111110,22.64,22.16,22.48,22.62,35579
20111111,23.26,22.85,23.15,22.86,24122
20111114,22.78,22.42,22.59,22.74,19739
20111115,22.76,22.35,22.64,22.51,19799
20111116,22.61,22.11,22.13,22.31,35450
20111117,22.2,21.52,21.65,22.11,42618
20111118,21.84,21.56,21.61,21.82,23498
20111121,21.1,20.71,20.92,21.06,31129
20111122,21.09,20.75,20.93,20.87,20314
20111123,20.47,20.13,20.17,20.43,26290
20111125,20.39,20.03,20.05,20.05,19013
20111128,21.21,20.79,20.98,21.14,27821
20111129,21.44,21.16,21.24,21.26,38892
20111130,22.63,22.37,22.61,22.42,73410
20111201,22.62,22.28,22.39,22.39,48307
20111202,23.04,22.64,22.66,23.01,38358
20111205,23.23,22.88,23.04,23.14,37671
20111206,22.94,22.66,22.75,22.76,29617
20111207,22.98,22.54,22.88,22.69,25086
20111208,22.63,22.05,22.11,22.61,35311
20111209,22.53,22.05,22.5,22.13,21681
20111212,21.98,21.65,21.79,21.93,24686
20111213,22.18,21.4,21.52,21.95,31150
20111214,21.45,21.09,21.22,21.35,35472
20111215,21.5,21.19,21.24,21.5,113137
20111216,21.53,21.13,21.24,21.4,72860
20111219,21.14,20.66,20.71,21.1,34797
20111220,21.48,21.21,21.46,21.24,32132
20111221,21.51,21.25,21.47,21.49,28397
20111222,21.75,21.49,21.67,21.54,18535
20111223,21.82,21.66,21.79,21.72,13243
20111227,21.86,21.69,21.75,21.74,19307
20111228,21.58,21.09,21.11,21.58,22771
20111229,21.48,21.13,21.45,21.18,21272
20111230,21.55,21.31,21.44,21.37,14989
20120103,22.19,21.95,22.08,21.96,27875
20120104,22.38,22.07,22.34,22.21,24328
20120105,22.1,21.81,22.05,21.99,18658
20120106,21.88,21.59,21.76,21.88,36732
20120109,21.83,21.59,21.83,21.78,16277
20120110,22.35,22.18,22.25,22.28,16453
20120111,22.42,22.17,22.38,22.24,11644
20120112,22.52,22.21,22.48,22.49,27352
20120113,22.32,21.93,22.3,22.18,43742
20120117,22.67,22.43,22.48,22.59,23818
20120118,22.89,22.51,22.88,22.57,21335
20120119,22.89,22.73,22.84,22.82,26791
20120120,22.95,22.79,22.94,22.84,28170
20120123,23.17,22.9,23.02,23.01,28658
20120124,22.91,22.64,22.84,22.71,40907
20120125,23.5,22.82,23.43,22.93,42763
20120126,23.8,23.38,23.5,23.72,30909
20120127,23.65,23.39,23.6,23.44,25104
20120130,23.44,23.09,23.37,23.2,21361
20120131,23.62,23.26,23.42,23.6,23578
20120201,23.82,23.6,23.66,23.6,32667
20120202,23.8,23.56,23.67,23.69,25929
20120203,24.06,23.8,24.02,23.87,59721
20120206,23.88,23.71,23.87,23.77,43656
20120207,23.96,23.73,23.86,23.84,34270
20120208,24.06,23.77,23.9,23.97,17144
20120209,24.01,23.8,23.88,24,17319
20120210,23.36,23.21,23.27,23.32,25341
20120213,23.75,23.58,23.65,23.69,33105
20120214,23.5,23.14,23.33,23.45,47962
20120215,23.51,23.21,23.26,23.47,25441
20120216,23.42,23.04,23.37,23.11,31305
20120217,23.34,23.09,23.19,23.33,33344
20120221,23.67,23.47,23.52,23.58,38760
20120222,23.59,23.43,23.48,23.48,30417
20120223,23.74,23.51,23.72,23.61,28389
20120224,23.95,23.73,23.76,23.81,35246
20120227,23.93,23.48,23.8,23.57,27949
20120228,23.86,23.68,23.81,23.76,27645
20120229,24.18,23.67,23.75,24.1,76145
20120301,24,23.81,23.9,23.86,43220
20120302,23.8,23.65,23.72,23.78,27709
20120305,23.64,23.42,23.51,23.63,16576
20120306,22.88,22.61,22.74,22.86,32977
20120307,22.91,22.65,22.87,22.69,25513
20120308,23.27,22.99,23.2,23.1,23451
20120309,23.33,23.11,23.15,23.18,18593
20120312,22.99,22.83,22.96,22.94,18768
20120313,23.48,23.12,23.45,23.17,27094
20120314,23.34,23.06,23.18,23.31,22602
20120315,23.5,23.24,23.48,23.32,20694
20120316,23.67,23.57,23.62,23.62,118366
20120319,23.83,23.51,23.73,23.55,20960
20120320,23.26,23.08,23.22,23.19,16943
20120321,23.15,22.98,23.11,23.1,23130
20120322,22.93,22.74,22.88,22.83,27568
20120323,23.24,22.88,23.2,23,25051
20120326,23.58,23.43,23.56,23.44,17136
20120327,23.55,23.35,23.35,23.52,14890
20120328,23.47,23.17,23.38,23.42,24806
20120329,23.43,23.05,23.39,23.2,42903
20120330,23.55,23.36,23.51,23.52,24427
20120402,23.74,23.34,23.63,23.4,19620
20120403,23.46,23.1,23.26,23.45,33900
20120404,23.1,22.89,22.98,23.03,37390
20120405,23.2,23.01,23.12,23.01,21656
20120409,23.07,22.85,22.93,22.9,9466
