date,hi,lo,cl,op,vol
20060426,23.14,22.88,22.95,23.1,11936
20060427,23.05,22.58,22.78,22.68,13511
20060428,23,22.8,22.94,22.9,4333
20060501,23.31,22.97,23.05,23.08,6658
20060502,23.32,23.09,23.32,23.17,6273
20060503,23.41,23.01,23.12,23.41,6177
20060504,23.19,22.95,23.01,23.05,7666
20060505,23.33,23.14,23.33,23.2,5525
20060508,23.29,22.99,23.23,23.27,9072
20060509,23.7,23.31,23.54,23.31,8610
20060510,23.6,23.4,23.56,23.56,8638
20060511,23.65,23.1,23.17,23.6,7281
20060512,23.09,22.57,22.76,23.09,21940
20060515,22.58,21.96,22.2,22.58,10656
20060516,22.5,22.03,22.29,22.38,7732
20060517,22.41,21.75,21.79,22.38,7329
20060518,21.89,21.37,21.47,21.89,12086
20060519,21.58,21,21.55,21.24,9912
20060522,21.38,20.89,21.35,21.19,18258
20060523,21.76,21.35,21.37,21.54,6892
20060524,21.34,20.87,21.15,21.11,8940
20060525,21.99,21.52,21.99,21.58,5036
20060526,22.2,21.96,22.2,22.09,8901
20060530,22.48,22.1,22.1,22.46,6545
20060531,22.45,22.17,22.38,22.38,10176
20060601,22.52,21.87,22.38,21.94,8647
20060602,22.68,22.48,22.6,22.66,8136
20060605,22.63,22.08,22.09,22.56,5178
20060606,21.91,21.58,21.86,21.86,10654
20060607,21.8,21.34,21.44,21.57,8318
20060608,21.15,20.51,21.04,21.15,18872
20060609,21.6,21.24,21.32,21.5,4359
20060612,21.56,20.96,21.02,21.45,7873
20060613,20.98,20.18,20.23,20.76,19596
20060614,20.56,20.16,20.41,20.33,10900
20060615,21,20.63,21,20.66,8268
20060616,20.88,20.64,20.78,20.87,5277
20060619,20.68,20.26,20.32,20.68,4630
20060620,20.58,20.29,20.29,20.4,3999
20060621,20.93,20.48,20.82,20.57,4673
20060622,20.79,20.59,20.66,20.71,2915
20060623,20.87,20.51,20.78,20.58,3268
20060626,21.09,20.8,21.09,20.9,2120
20060627,21.18,20.85,20.95,21.15,4289
20060628,21.04,20.74,20.93,20.96,2301
20060629,21.71,21.18,21.63,21.23,6146
20060630,21.97,21.68,21.83,21.9,6363
20060703,22.08,21.33,22.07,22.07,2148
20060705,22.08,21.74,21.89,22.08,4353
20060706,22.04,21.76,21.82,21.84,3236
20060707,21.98,21.74,21.82,21.82,3013
20060710,21.76,21.54,21.64,21.61,6215
20060711,21.87,21.58,21.8,21.63,5453
20060712,21.88,21.64,21.67,21.82,2433
20060713,21.64,21.35,21.38,21.56,7443
20060714,21.56,21.19,21.41,21.48,10435
20060717,21.43,21,21,21.36,4436
20060718,21.2,20.85,21.06,21.09,5865
20060719,21.45,20.92,21.42,20.92,4323
20060720,21.51,21.09,21.09,21.51,1939
20060721,21.16,20.9,20.93,21.15,7872
20060724,21.29,20.78,21.29,20.78,4195
20060725,21.56,21.26,21.56,21.33,2184
20060726,21.91,21.48,21.9,21.58,3002
20060727,22.12,21.56,21.6,22.08,3136
20060728,21.9,21.67,21.83,21.71,1505
20060731,22.06,21.79,21.86,22.06,2087
20060801,21.98,21.66,21.98,21.83,2800
20060802,22.36,22.13,22.24,22.13,4059
20060803,22.33,21.99,22.23,22.11,2599
20060804,22.47,22.01,22.16,22.29,2044
20060807,22.33,22.14,22.19,22.31,1906
20060808,22.54,22.28,22.41,22.43,6753
20060809,22.69,22.4,22.43,22.5,3005
20060810,22.41,22.09,22.26,22.32,4210
20060811,22.44,22.21,22.28,22.35,860
20060814,22.23,21.92,22.01,22.23,3681
20060815,22.36,22.09,22.36,22.09,1415
20060816,22.66,22.45,22.53,22.56,3232
20060817,22.58,22.3,22.45,22.48,2699
20060818,22.56,22.24,22.4,22.56,1704
20060821,22.82,22.59,22.82,22.66,2459
20060822,23.01,22.79,23.01,22.79,4787
20060823,23.25,22.93,23.04,23.08,3324
20060824,23.13,22.83,22.85,23.13,1391
20060825,23.05,22.87,22.87,23.05,1413
20060828,23,22.75,22.94,22.76,2877
20060829,22.96,22.59,22.88,22.96,10725
20060830,23,22.64,22.82,23,3008
20060831,23,22.75,22.83,22.87,3881
20060901,23.12,22.88,23.05,22.92,2836
20060905,23.05,22.85,23.03,22.85,4849
20060906,22.91,22.63,22.63,22.91,11795
20060907,22.58,22.22,22.32,22.58,7528
20060908,22.24,22.02,22.08,22.19,7041
20060911,21.87,21.48,21.54,21.86,8749
20060912,21.87,21.54,21.62,21.64,8531
20060913,21.85,21.57,21.81,21.66,4266
20060914,22.03,21.1,21.58,21.1,3678
20060915,21.75,21.52,21.6,21.75,4707
20060918,21.96,21.58,21.92,21.58,8788
20060919,21.88,21.47,21.58,21.87,3154
20060920,21.75,21.4,21.41,21.58,8904
20060921,21.8,21.46,21.6,21.48,5278
20060922,21.83,21.47,21.51,21.74,3320
20060925,21.6,21.25,21.59,21.53,17646
20060926,21.84,21.59,21.81,21.59,5370
20060927,22.12,21.75,22.12,21.89,4501
20060928,22.4,22.14,22.26,22.14,4081
20060929,22.2,22,22.08,22.18,3249
20061002,22.17,21.94,22.01,22.08,3424
20061003,21.83,21.33,21.33,21.73,9488
20061004,21.51,20.97,21.47,21.28,12582
20061005,21.84,21.59,21.79,21.76,8244
20061006,21.79,21.5,21.68,21.58,5535
20061009,21.83,21.64,21.66,21.64,5145
20061010,21.68,21.52,21.65,21.58,10734
20061011,21.57,21.17,21.24,21.48,15576
20061012,21.49,21.28,21.49,21.34,6274
20061013,21.87,21.53,21.87,21.53,10974
20061016,22.26,21.87,22.24,21.9,6393
20061017,22.23,21.84,21.96,22.23,12523
20061018,22.16,21.89,21.94,22.11,1805
20061019,22.4,22.02,22.37,22.05,3045
20061020,22.63,21.68,22.4,21.68,2877
20061023,22.88,21.83,22.5,21.83,3276
20061024,22.97,22.33,22.72,22.97,5879
20061025,23.08,22.54,23.04,22.99,17299
20061026,23.18,22.33,23.18,22.33,3872
20061027,23.3,22.65,22.82,22.65,3145
20061030,22.94,22.38,22.89,22.38,2252
20061031,23.22,22.72,23.22,22.78,4248
20061101,22.86,22.33,22.49,22.58,9538
20061102,22.88,22.4,22.88,22.43,12760
20061103,23.1,22.78,23.03,22.78,12871
20061106,23.32,22.91,23.24,22.91,4123
20061107,23.89,23.12,23.18,23.89,9493
20061108,23.34,22.73,23.34,22.82,8891
20061109,23.61,23.2,23.49,23.2,2020
20061110,23.56,23.18,23.28,23.21,3507
20061113,23.48,22.9,23.1,22.9,2797
20061114,23.45,22.98,23.1,23.45,4119
20061115,23.36,23.01,23.31,23.04,1848
20061116,23.56,23.1,23.1,23.38,8025
20061117,23.16,22.8,23.07,22.81,4460
20061120,23.38,22.84,23.17,22.84,3540
20061121,23.58,23.05,23.52,23.05,8235
20061122,23.68,23.4,23.57,23.4,2031
20061124,23.95,23.4,23.86,23.4,1713
20061127,23.96,23.55,23.64,23.86,3526
20061128,23.78,23.31,23.66,23.31,2198
20061129,23.92,23.59,23.82,23.92,2520
20061130,24.15,23.82,23.85,24.15,4853
20061201,23.93,23.68,23.85,23.85,2052
20061204,24.51,23.86,24.14,24.51,5886
20061205,24.32,24.03,24.25,24.3,2051
20061206,24.23,23.99,24.1,23.99,2626
20061207,24.15,23.92,24.05,24.15,2949
20061208,24.21,23.99,24.06,24.19,3128
20061211,24.16,23.96,24.02,24.09,2252
20061212,23.95,23.76,23.93,23.83,1489
20061213,23.96,23.78,23.89,23.96,2189
20061214,24.13,23.9,24.12,24.1,3334
20061215,24.12,23.73,23.73,24,2637
20061218,23.86,23.48,23.49,23.49,2506
20061219,23.73,23.08,23.62,23.1,2319
20061220,23.68,23.37,23.51,23.37,2130
20061221,23.82,23.11,23.2,23.82,6109
20061222,23.49,23.04,23.12,23.49,1711
20061226,23.18,22.93,22.97,23.04,1901
20061227,23.37,23,23.35,23.14,1295
20061228,23.51,22.91,23.43,22.91,1254
20061229,23.88,23.3,23.4,23.88,1188
20070103,23.37,22.75,22.83,23.27,5483
20070104,22.73,22.38,22.43,22.38,7342
20070105,22.8,22.22,22.35,22.8,4837
20070108,22.73,22.19,22.19,22.73,3573
20070109,22.37,22.08,22.24,22.08,2367
20070110,22.29,21.61,22.21,21.61,3594
20070111,22.69,22.18,22.32,22.69,2603
20070112,22.87,22.17,22.86,22.17,2356
20070116,23,22.38,22.52,22.38,8546
20070117,22.85,22.62,22.78,22.81,2301
20070118,22.97,22.5,22.51,22.5,15148
20070119,22.87,22.36,22.85,22.36,2790
20070122,22.85,22.54,22.57,22.71,3007
20070123,23.08,22.32,23.06,22.32,3689
20070124,23.38,22.94,23.31,22.99,8859
20070125,23.35,23.02,23.05,23.35,12396
20070126,23.57,23.1,23.23,23.1,1871
20070129,23.27,23.03,23.06,23.21,1518
20070130,23.33,23.07,23.33,23.16,2332
20070131,23.5,23.14,23.42,23.26,4406
20070201,23.7,23.47,23.6,23.47,2291
20070202,23.57,23.4,23.44,23.4,2234
20070205,23.58,23.28,23.55,23.31,2627
20070206,23.76,23.49,23.63,23.56,5933
20070207,23.69,23.38,23.52,23.64,4111
20070208,23.65,23.1,23.65,23.1,2006
20070209,23.85,23.57,23.61,23.67,1487
20070212,23.69,23.4,23.51,23.46,6115
20070213,23.98,23.56,23.98,23.66,7402
20070214,24.17,23.97,24.03,24.01,1514
20070215,24.26,24.04,24.26,24.13,1300
20070216,24.31,24.19,24.29,24.29,1205
20070220,24.14,23.97,24.1,24.14,4096
20070221,24.51,24.13,24.38,24.51,2351
20070222,24.46,24.13,24.3,24.38,2227
20070223,24.52,24.33,24.36,24.45,2760
20070226,24.83,24.45,24.5,24.83,2620
20070227,24.36,23.43,23.57,24.36,6501
20070228,24.1,23.33,23.57,24.1,2389
20070301,23.54,22.78,23.33,22.95,6832
20070302,23.4,22.95,22.96,23.32,5727
20070305,23.02,22.09,22.7,22.73,5126
20070306,23.17,22.83,23.05,22.83,2631
20070307,23.33,22.91,23.23,22.91,4766
20070308,23.77,23.28,23.35,23.77,2554
20070309,23.63,23.4,23.56,23.51,2180
20070312,24.46,23.49,23.49,24.46,1789
20070313,23.7,22.94,22.94,23.62,3958
20070314,23.08,22.66,23.02,22.89,3255
20070315,23.24,23.06,23.14,23.15,3086
20070316,23.34,22.93,23.08,23.14,5416
20070319,23.44,22.54,23.31,22.54,3246
20070320,23.77,23.51,23.68,23.65,4377
20070321,24.16,23.65,24.11,23.65,3722
20070322,24.51,23.98,24.04,24.51,3090
20070323,24.34,24.03,24.18,24.34,2785
20070326,24.49,24.03,24.26,24.49,1856
20070327,24.52,24.15,24.19,24.38,1329
20070328,24.28,23.99,24.09,23.99,4208
20070329,24.42,24.14,24.3,24.19,2268
20070330,24.51,24.1,24.23,24.51,2572
20070402,24.93,23.91,24.43,24.34,1856
20070403,24.73,24.24,24.73,24.24,4918
20070404,24.75,24.42,24.66,24.75,3936
20070405,24.93,24.73,24.84,24.78,2434
20070409,25.18,24.78,24.88,24.86,2089
20070410,25.09,24.82,24.83,25.05,1748
20070411,25.15,24.83,25,25.15,1509
20070412,25.34,24.91,25.34,24.93,11638
20070413,25.45,25.21,25.42,25.42,1977
20070416,25.83,25.54,25.83,25.54,3064
20070417,25.85,25.53,25.67,25.62,3488
20070418,25.84,25.44,25.8,25.44,1394
20070419,25.78,25.42,25.48,25.77,3750
20070420,25.86,25.45,25.85,25.45,3338
20070423,25.88,25.28,25.77,25.74,1437
20070424,25.84,25.64,25.67,25.84,2929
20070425,26.11,25.83,26.1,25.86,5641
20070426,25.98,25.73,25.73,25.98,2823
20070427,26.06,25.7,25.96,25.79,2402
20070430,26.23,25.61,25.83,26.23,2170
20070501,25.84,25.42,25.58,25.78,2284
20070502,26.08,25.58,26.04,25.76,4499
20070503,26.44,25.99,26.26,26.07,11543
20070504,26.5,26.23,26.45,26.23,2983
20070507,26.9,26.6,26.81,26.71,4925
20070508,26.84,26.55,26.78,26.59,4649
20070509,26.97,26.65,26.77,26.97,1372
20070510,27.06,26.42,26.48,27.06,2273
20070511,26.91,26.39,26.91,26.67,1340
20070514,27.03,26.65,26.81,26.84,5792
20070515,27.36,26.7,27.15,26.7,3082
20070516,27.31,26.96,27.21,27.31,2147
20070517,27.77,27.11,27.58,27.36,5656
20070518,27.91,27.56,27.81,27.91,2673
20070521,28.21,27.74,27.96,27.78,9147
20070522,28.08,27.76,27.76,28.07,10413
20070523,28.29,27.71,27.71,28.19,5123
20070524,28.32,27.45,27.53,28.32,7416
20070525,27.94,27.68,27.88,27.87,2115
20070529,28.28,27.83,27.89,28.28,5371
20070530,28.15,27.58,28.15,27.63,3664
20070531,28.75,28.08,28.18,28.75,17002
20070601,28.55,28.04,28.54,28.04,31088
20070604,28.65,28.32,28.62,28.41,7519
20070605,28.8,28.41,28.5,28.8,4327
20070606,28.55,28.08,28.11,28.28,4268
20070607,28.22,27.41,27.41,27.67,9972
20070608,27.83,22.32,27.73,27.36,19973
20070611,28.05,27.6,27.6,27.83,8238
20070612,27.95,27.44,27.44,27.64,4627
20070613,27.89,27.47,27.88,27.81,4291
20070614,28.21,27.93,28.21,28.18,6757
20070615,28.75,28.22,28.66,28.75,12753
20070618,28.87,28.29,28.74,28.61,15298
20070619,28.63,28.26,28.5,28.48,4941
20070620,28.71,28.01,28.06,28.43,2846
20070621,28.13,27.64,28.13,27.64,3399
20070622,28.47,27.86,27.91,28.47,7899
20070625,28.08,27.61,27.65,27.97,4673
20070626,27.87,27.23,27.23,27.87,5023
20070627,27.51,26.89,27.47,27.28,11578
20070628,27.92,27.63,27.83,27.63,2409
20070629,28.39,27.77,27.94,27.83,7587
20070702,28.57,28.08,28.31,28.17,7791
20070703,28.77,28.3,28.4,28.62,3733
20070705,28.78,28.2,28.62,28.78,5405
20070706,28.97,28.66,28.92,28.7,5315
20070709,29.33,28.78,28.98,29.06,11412
20070710,29.03,28.72,28.8,29.03,2283
20070711,28.83,28.49,28.83,28.67,4548
20070712,29.53,28.9,29.51,28.9,4217
20070713,29.85,29.51,29.78,29.56,8026
20070716,30,29.52,29.58,29.78,4311
20070717,29.81,29.58,29.68,29.58,3501
20070718,30.14,29.5,30.08,29.62,11208
20070719,30.38,30.09,30.27,30.38,6532
20070720,30.62,29.96,30,30.28,5303
20070723,30.36,29.77,29.78,30.13,5782
20070724,30.05,29.15,29.26,29.93,7090
20070725,29.46,28.86,29.19,29.25,6392
20070726,29.2,27.9,28.24,29.02,5179
20070727,28.4,27.57,27.78,27.99,8114
20070730,27.98,27.62,27.91,27.76,5213
20070731,28.43,27.9,27.94,28.23,5224
20070801,28.22,27.28,27.67,27.96,6288
20070802,28.34,27.63,28.26,28.22,11573
20070803,28.5,27.59,27.68,28.5,3012
20070806,27.71,26.92,27.54,27.32,10193
20070807,27.83,27.31,27.61,27.83,4593
20070808,28.49,27.88,28.28,28.06,4647
20070809,28.13,27.28,27.37,27.92,10393
20070810,27.52,26.81,27.45,26.99,8649
20070813,28.18,27.38,27.38,27.99,4528
20070814,27.43,26.37,26.63,27.35,7851
20070815,26.66,25.93,25.95,26.45,10591
20070816,25.88,24.58,25.6,25.81,19655
20070817,26.98,25.79,26.5,26.37,8027
20070820,26.92,26.33,26.76,26.77,5430
20070821,26.93,26.39,26.87,26.39,5544
20070822,27.44,27.07,27.36,27.35,5389
20070823,27.89,27.24,27.56,27.79,6708
20070824,27.86,27.51,27.85,27.76,4825
20070827,28.05,27.55,27.58,28.05,2766
20070828,27.35,26.78,26.82,27.35,3191
20070829,27.92,26.98,27.92,26.98,2994
20070830,27.66,27.19,27.5,27.39,3163
20070831,28.14,27.76,27.98,28.14,4794
20070904,28.5,27.81,28.37,27.81,8237
20070905,28.38,28.03,28.15,28.16,5847
20070906,28.35,28.02,28.32,28.22,9449
20070907,28.27,27.84,28.05,28.27,10118
20070910,28.08,27.67,27.92,27.81,4417
20070911,28.48,28.13,28.39,28.13,3392
20070912,28.77,28.29,28.76,28.41,3526
20070913,29.21,28.69,28.98,28.97,7598
20070914,29.29,28.83,29.17,28.83,4085
20070917,29.33,28.95,29.16,29.2,6827
20070918,30.06,29.25,30.01,29.47,5999
20070919,30.3,29.77,29.84,29.97,10378
20070920,30.24,29.95,30.02,30.15,8606
20070921,30.41,30.04,30.24,30.1,6080
20070924,30.83,30.08,30.25,30.45,7877
20070925,30.39,29.96,30.35,30.25,42476
20070926,30.57,30.21,30.45,30.47,41777
20070927,30.92,30.51,30.75,30.52,4913
20070928,31.06,30.77,30.81,31.02,45851
20071001,31.27,30.86,31.23,30.86,6278
20071002,31.42,30.63,30.97,30.96,70602
20071003,31.1,30.62,30.64,30.73,6869
20071004,31.03,30.58,31.03,30.65,4837
20071005,31.78,31.26,31.66,31.43,9150
20071008,31.8,31.39,31.51,31.8,4313
20071009,31.75,31.21,31.67,31.21,6106
20071010,31.88,31.52,31.85,31.81,8529
20071011,32.36,31.55,31.8,32.23,7239
20071012,32.31,31.85,32.31,31.97,5287
20071015,32.31,31.67,31.81,32.26,4995
20071016,31.78,31.46,31.5,31.76,3531
20071017,31.98,31.51,31.88,31.77,11347
20071018,32.55,31.8,32.55,31.91,7367
20071019,32.37,31.62,31.64,32.37,6376
20071022,31.73,30.11,31.73,30.84,10132
20071023,32.06,31.53,31.86,32.06,13656
20071024,31.9,31.24,31.9,31.86,6849
20071025,32.15,31.76,31.98,31.93,7046
20071026,32.67,31.99,32.62,31.99,15906
20071029,33.29,32.75,33.23,32.98,11340
20071030,33.21,32.83,32.89,33.21,8764
20071031,34.16,33.1,34.16,33.13,12515
20071101,34.02,33.14,33.21,34.02,10967
20071102,34.05,33.35,33.99,33.75,20310
20071105,33.85,33.39,33.73,33.78,13378
20071106,34.5,34.02,34.5,34.02,13103
20071107,34.76,33.6,33.63,34.66,28068
20071108,34.05,32.58,33.08,34,28559
20071109,32.98,32.3,32.32,32.98,15290
20071112,31.92,30.66,30.75,31.8,17602
20071113,31.54,30.93,31.54,31.06,16934
20071114,32.48,31.19,31.34,31.85,9887
20071115,31.09,29.78,29.98,31.08,26404
20071116,30.52,29.79,30.41,30.05,11956
20071119,30.3,29.57,29.6,30.21,12745
20071120,30.18,29.6,30.09,29.61,27571
20071121,29.85,29.29,29.29,29.79,12784
20071123,29.99,29.62,29.93,29.62,3224
20071126,30.16,29.4,30.01,30.06,23383
20071127,29.56,28.92,29.5,29.56,17118
20071128,30.43,29.64,30.38,29.67,18883
20071129,30.49,29.87,30.49,30.08,9544
20071130,30.37,29.8,29.99,30.23,18770
20071203,30,29.65,29.88,29.79,8528
20071204,29.47,29.18,29.28,29.32,17586
20071205,29.75,29.44,29.69,29.45,12396
20071206,30.03,29.53,30.02,29.53,11255
20071207,30.29,30.03,30.15,30.1,10801
20071210,30.44,30.15,30.35,30.15,8027
20071211,30.58,29.44,29.48,30.27,9722
20071212,30.28,29.55,29.79,29.97,13085
20071213,29.86,29.12,29.53,29.86,22902
20071214,29.62,29.15,29.36,29.4,6763
20071217,29.66,29.06,29.11,29.29,7554
20071218,29.38,28.75,29.08,29.25,75154
20071219,29.48,29.07,29.25,29.07,12858
20071220,29.58,29.27,29.38,29.41,7682
20071221,30.09,29.41,30.04,29.76,23879
20071224,30.58,30.17,30.57,30.22,5843
20071226,30.78,30.44,30.69,30.57,4154
20071227,30.85,30.54,30.67,30.85,10037
20071228,31.1,30.8,31.01,30.8,11576
20071231,31.01,30.55,30.58,30.99,5833
20080102,30.97,30.51,30.87,30.69,8378
20080103,31.25,30.74,31.01,30.94,6171
20080104,30.85,30.15,30.2,30.85,12290
20080107,30.42,29.56,29.75,30.27,22236
20080108,30.34,29.54,29.56,30.02,11005
20080109,29.7,29.09,29.64,29.47,17455
20080110,29.9,29.1,29.77,29.35,11539
20080111,29.52,29.19,29.27,29.39,14252
20080114,29.72,29.45,29.54,29.56,11008
20080115,29.42,28.66,28.7,29.35,17093
20080116,28.62,27.63,27.88,28.41,49322
20080117,28.27,26.95,27.03,27.87,16341
20080118,27.6,26.61,27,27.2,14044
20080122,26.99,24.87,26.83,24.87,18649
20080123,27.26,25.81,27.12,26.46,23791
20080124,28.21,27.5,28.05,27.51,23684
20080125,28.83,27.88,28.11,28.5,13042
20080128,28.45,27.78,28.05,28.13,14162
20080129,28.79,28.49,28.67,28.67,6488
20080130,29.29,28.6,28.72,28.69,9777
20080131,28.94,27.91,28.75,28.3,15314
20080201,29.46,28.85,29.39,28.85,25564
20080204,29.61,28.87,28.87,29.34,25006
20080205,28.99,28.2,28.23,28.94,17614
20080206,28.59,27.98,28.31,28.37,16029
20080207,28.28,27.61,28.03,27.88,10683
20080208,28.69,28.23,28.51,28.23,7142
20080211,28.89,28.27,28.82,28.5,8645
20080212,29.24,28.61,28.76,29,12122
20080213,29.32,28.8,29.3,28.91,8424
20080214,29.47,29.02,29.05,29.29,9837
20080215,29.12,28.59,28.85,28.99,11453
20080219,29.45,28.93,29.04,29.23,11035
20080220,29.56,28.84,29.5,28.92,13176
20080221,29.83,29.45,29.48,29.72,65954
20080222,29.69,29.1,29.64,29.5,10066
20080225,30.45,29.78,30.42,29.85,14590
20080226,31.19,30.44,31,30.56,20036
20080227,31.28,30.87,31,31.06,20041
20080228,31.57,30.97,31.42,31.01,19384
20080229,31.26,30.32,30.48,31.26,17177
20080303,30.6,29.83,30.24,30.46,26846
20080304,30.23,29.36,29.87,30.02,17621
20080305,30.51,30.07,30.48,30.15,14288
20080306,30.45,29.81,29.84,30.45,7822
20080307,30.03,29.18,29.5,29.71,17359
20080310,29.53,28.64,28.72,29.5,13106
20080311,29.6,28.94,29.6,29.05,22710
20080312,29.86,29.5,29.61,29.69,14090
20080313,30.15,29.4,30.11,29.5,23334
20080314,30.19,29.37,29.69,30.18,15139
20080317,29.03,28.08,28.6,28.67,14995
20080318,29.21,28.63,29.16,28.89,18523
20080319,29.13,27.37,27.49,28.82,71984
20080320,27.6,26.61,27.49,27.27,18047
20080324,28.43,27.51,28.17,27.52,10413
20080325,28.94,28.35,28.91,28.39,10130
20080326,29.11,28.81,28.97,29.11,7095
20080327,29.37,28.97,28.97,29.12,13561
20080328,29.27,28.66,28.73,29.27,8742
20080331,28.82,28.23,28.78,28.69,12279
20080401,29.2,28.56,29.15,28.78,13701
20080402,29.75,29.35,29.57,29.35,12554
20080403,30.12,29.38,29.98,29.48,6528
20080404,30.28,29.98,30.09,30.17,17790
20080407,30.62,29.99,30.1,30.19,12201
20080408,30.23,29.91,30.15,30.03,6145
20080409,30.1,29.86,30.05,30.1,6864
20080410,30.4,29.84,30.38,30.1,4681
20080411,30.1,29.65,29.71,30.05,5993
20080414,30.05,29.71,29.95,29.73,4741
20080415,30.34,30.09,30.24,30.16,8334
20080416,31.48,30.69,31.44,30.69,14218
20080417,31.32,30.97,31.21,31.31,7702
20080418,31.69,31.24,31.62,31.37,10318
20080421,31.96,31.68,31.87,31.74,7174
20080422,32.08,31.43,31.9,31.65,10973
20080423,31.44,30.9,30.98,31.44,7212
20080424,30.93,30.31,30.8,30.89,13371
20080425,31.12,30.71,31.12,30.83,6058
20080428,31.35,31.05,31.1,31.17,8092
20080429,30.98,30.43,30.46,30.86,4987
20080430,31.19,30.67,30.93,30.68,9249
20080501,30.92,30.17,30.83,30.67,11115
20080502,31.47,30.96,31.37,30.96,10624
20080505,31.76,31.44,31.51,31.62,7994
20080506,32.25,31.37,32.22,31.48,15509
20080507,32.29,31.89,31.96,32.29,13611
20080508,32.22,31.83,32.22,31.96,7150
20080509,32.56,32.27,32.4,32.39,8063
20080512,32.92,32.34,32.92,32.57,8665
20080513,32.96,32.49,32.74,32.95,9254
20080514,33.18,32.68,32.73,32.87,9703
20080515,33.39,32.9,33.34,33,7803
20080516,33.94,33.65,33.79,33.66,17552
20080519,34.37,33.75,33.86,34.1,46584
20080520,34.33,33.89,34.22,33.91,20241
20080521,34.69,33.74,33.81,34.35,13185
20080522,34.08,33.64,33.88,33.85,8709
20080523,34.03,33.31,33.6,33.97,9652
20080527,33.48,32.8,32.91,33.47,11668
20080528,33.49,32.72,33.44,33.09,10724
20080529,33.99,33.15,33.15,33.46,11789
20080530,33.7,33.17,33.48,33.35,6595
20080602,33.46,33.05,33.38,33.45,9396
20080603,33.51,32.76,32.87,33.33,19773
20080604,32.94,32.46,32.62,32.68,16954
20080605,33.36,32.51,33.36,32.56,15226
20080606,33.62,33.01,33.13,33.14,25747
20080609,33.38,32.84,33.09,33.23,10693
20080610,32.97,32.25,32.43,32.96,18463
20080611,32.93,32.46,32.69,32.8,10249
20080612,32.44,32.04,32.19,32.44,13093
20080613,32.47,31.97,32.44,32.12,7529
20080616,33.24,32.6,33,32.6,10291
20080617,33.5,32.95,33.48,33.24,17957
20080618,33.45,33.1,33.45,33.36,11450
20080619,33.65,32.81,32.86,33.65,16372
20080620,32.97,32.27,32.28,32.97,8921
20080623,32.66,32.28,32.53,32.28,9170
20080624,32.63,31.89,32.07,32.58,10900
20080625,32.2,31.51,31.93,31.9,7570
20080626,31.97,31.28,31.57,31.83,22182
20080627,31.9,31.4,31.71,31.58,14527
20080630,31.99,31.44,31.62,31.96,11394
20080701,31.83,31.32,31.71,31.72,19940
20080702,32.19,30.81,31,31.87,14732
20080703,30.9,30.24,30.76,30.86,38254
20080707,30.87,29.92,30.29,30.87,34076
20080708,30.44,29.56,30.41,30.19,17932
20080709,31.07,30.05,30.13,30.81,17268
20080710,30.55,30.03,30.5,30.29,16357
20080711,30.72,30.09,30.34,30.47,12467
20080714,31.21,30.3,30.51,30.72,10137
20080715,30.58,29.42,29.63,30.48,28681
20080716,30.13,29.16,30.13,29.48,29398
20080717,30.65,29.63,29.93,30.15,16717
20080718,30.35,30.05,30.09,30.32,20634
20080721,30.73,30.15,30.6,30.26,16052
20080722,30.47,29.92,30.33,30.41,14174
20080723,30.45,29.94,29.99,30.45,13638
20080724,30.21,29.03,29.03,29.99,15710
20080725,29.46,28.91,29.33,29.03,10032
20080728,29.7,28.97,29.01,29.19,9574
20080729,29.18,28.83,29.11,28.95,11771
20080730,30.02,29.11,30,29.19,18199
20080731,30.05,29.63,29.82,29.92,29179
20080801,29.81,29.11,29.27,29.7,30980
20080804,29.2,27.98,28.27,29.13,25278
20080805,28.42,28.04,28.37,28.3,24784
20080806,28.87,28.27,28.72,28.27,11882
20080807,28.73,28.21,28.3,28.71,12831
20080808,28.01,27.56,27.82,27.85,33522
20080811,27.88,27.4,27.64,27.81,18340
20080812,27.86,27.52,27.56,27.52,25368
20080813,28.06,27.22,28.02,27.5,23125
20080814,28.19,27.8,28.06,27.93,25082
20080815,28.07,27.33,27.59,28.07,8826
20080818,27.91,27.35,27.44,27.75,32763
20080819,27.67,27.18,27.44,27.32,8911
20080820,28.13,27.61,28.09,27.61,8081
20080821,29.08,28.37,28.97,28.48,10884
20080822,28.99,28.41,28.71,28.96,8347
20080825,28.71,28.13,28.23,28.65,7632
20080826,28.48,28.16,28.29,28.28,15142
20080827,29,28.38,28.88,28.38,5975
20080828,29.47,28.79,29.21,29.14,11174
20080829,29.19,28.72,28.85,29.19,6416
20080902,28.38,27.73,27.77,28.38,12283
20080903,27.91,27.08,27.56,27.77,48083
20080904,27.57,26.45,26.59,27.49,21448
20080905,26.93,26.02,26.81,26.65,18059
20080908,27.72,26.34,26.45,27.31,15555
20080909,26.35,25.12,25.17,26.25,16186
20080910,26.16,25.2,25.91,25.34,13019
20080911,26.33,25.22,26.33,25.53,26103
20080912,27.07,26.25,26.88,26.36,21755
20080915,26.22,25.41,25.43,26.06,44265
20080916,25.62,24.03,25.59,25.18,32580
20080917,25.43,24.26,24.78,25.24,46442
20080918,26.16,24.82,25.44,24.92,41833
20080919,28.22,26.25,27.48,27.97,23952
20080922,28.45,27.35,27.6,27.38,16691
20080923,27.79,26.79,27.34,27.12,17624
20080924,27.65,26.89,27.18,26.89,33429
20080925,27.35,26.67,27.13,26.67,18487
20080926,26.52,25.94,26.24,26.3,12329
20080929,25.71,23.71,24.27,25.67,18394
20080930,25.02,24.23,24.81,24.62,13803
20081001,25.3,24.19,24.62,25.27,22990
20081002,23.83,22.36,22.48,23.72,39261
20081003,23.5,21.97,22,22.56,22986
20081006,21.35,19.14,20.8,21.14,50160
20081007,21.27,19.41,19.51,20.52,31718
20081008,20.11,17.97,20.02,18.14,34604
20081009,20.51,17.99,18.39,20.02,21428
20081010,17.97,16.04,17.32,16.95,34091
20081013,19.65,17.68,19.65,18.11,19369
20081014,21.67,18.26,18.86,21.62,23866
20081015,18.6,17.1,17.22,18.14,24493
20081016,17.75,15.86,17.27,17.75,21215
20081017,18.36,16.48,17.54,16.61,26382
20081020,18.79,17.84,18.76,17.97,9884
20081021,18.58,17.54,17.65,18.43,30648
20081022,16.85,15.66,16.02,16.82,21985
20081023,16.32,15.08,16.13,15.73,32992
20081024,15.77,14.06,15.66,14.06,22893
20081027,15.72,14.22,14.26,15.26,15448
20081028,15.73,14.22,15.66,14.95,27428
20081029,17.43,15.63,16.6,15.63,34796
20081030,17.77,16.88,17.72,17.31,20815
20081031,18.24,17.15,17.65,17.43,26202
20081103,18.32,17.77,18.04,17.86,20703
20081104,19.54,18.6,19.54,18.61,21218
20081105,19.6,18.49,18.65,19.16,22187
20081106,18.61,17.25,17.68,18.36,24778
20081107,18.17,17.45,17.68,17.82,21371
20081110,18.45,17.57,17.79,18.25,17178
20081111,17.49,16.81,17.08,17.45,20320
20081112,16.72,15.48,15.54,16.72,30379
20081113,16.84,14.81,16.83,15.7,33274
20081114,16.76,15.99,16,16.52,16929
20081117,16.11,15.51,15.61,15.81,11263
20081118,15.84,15.08,15.5,15.45,16449
20081119,15.68,14.52,14.73,15.5,18477
20081120,14.26,12.68,12.94,14.21,39998
20081121,13.75,12.58,13.67,13.37,27683
20081124,15.11,13.84,14.65,13.92,22741
20081125,15.18,14.36,14.95,14.93,26627
20081126,15.36,14.41,15.22,14.56,20108
20081128,15.61,15.09,15.58,15.32,7365
20081201,15.57,14.6,14.81,15.48,30183
20081202,15.1,14.11,14.5,14.79,21352
20081203,14.5,13.8,14.45,13.97,24766
20081204,14.67,13.46,13.73,14.16,25399
20081205,13.91,12.9,13.91,13.33,28086
20081208,15.13,14.42,14.79,14.46,23074
20081209,14.93,14.35,14.52,14.61,19694
20081210,15.17,14.64,14.79,14.79,23631
20081211,15.65,14.57,14.86,15.24,20504
20081212,15.02,14.18,14.93,14.5,19200
20081215,15.4,14.73,14.97,15.31,15923
20081216,15.95,15.06,15.83,15.1,24287
20081217,16.09,15.7,15.77,15.86,27661
20081218,15.9,14.91,15.29,15.9,21774
20081219,15.38,14.95,15.27,15.22,14070
20081222,15.49,14.7,14.81,15.43,9462
20081223,15.16,14.71,15.08,14.89,28379
20081224,15.06,14.82,15.01,14.96,3891
20081226,15.17,14.83,14.98,14.98,4705
20081229,15.53,15.17,15.48,15.41,9707
20081230,15.88,15.29,15.88,15.38,10173
20081231,16.28,15.73,16.22,15.82,9608
20090102,16.73,16.07,16.67,16.23,12802
20090105,17.47,16.65,17.21,16.65,33213
20090106,17.87,17.38,17.67,17.49,27923
20090107,17.51,16.73,16.91,17.51,11495
20090108,17.3,16.66,17.3,16.85,7230
20090109,17.24,16.71,16.83,17.14,9019
20090112,16.67,15.82,15.94,16.67,15917
20090113,16.16,15.73,16.1,15.79,7267
20090114,15.81,15.15,15.31,15.81,7977
20090115,15.58,14.6,15.51,15.31,33819
20090116,16.14,15.21,15.73,15.97,11462
20090120,15.49,14.54,14.54,15.48,23149
20090121,15.27,14.31,15.26,14.81,17791
20090122,15.08,14.58,14.74,14.81,16212
20090123,15.46,14.46,15.28,14.47,16619
20090126,15.93,15.17,15.44,15.5,10595
20090127,15.71,15.31,15.66,15.45,14174
20090128,16.32,15.99,16.16,16.28,19297
20090129,16.01,15.67,15.71,15.94,9767
20090130,15.83,15.27,15.49,15.76,13736
20090202,15.37,14.99,15.16,15.13,9507
20090203,15.4,15.06,15.36,15.27,12751
20090204,15.81,15.32,15.45,15.46,17251
20090205,15.89,15.34,15.89,15.45,11213
20090206,16.45,15.53,16.25,15.67,13588
20090209,16.63,16.26,16.39,16.29,13701
20090210,16.51,15.4,15.57,16.37,18001
20090211,15.76,15.31,15.5,15.59,12051
20090212,15.52,14.96,15.51,15.22,13048
20090213,15.64,15.33,15.37,15.54,10823
20090217,14.89,14.31,14.31,14.84,19232
20090218,14.59,13.96,14.15,14.52,11636
20090219,14.45,14,14.08,14.27,9917
20090220,14,13.59,13.85,13.87,14539
20090223,13.98,13.12,13.2,13.93,14172
20090224,13.73,13.11,13.68,13.29,12490
20090225,14,13.35,13.68,13.7,18474
20090226,14.39,13.97,14.14,13.97,10489
20090227,14.11,13.72,13.88,13.93,24493
20090302,13.61,12.64,12.76,13.29,31370
20090303,13.03,12.43,12.77,12.91,17313
20090304,13.39,12.98,13.29,13.16,26331
20090305,13.13,12.69,12.81,12.92,16500
20090306,13.18,12.51,12.82,12.96,17454
20090309,12.88,12.43,12.58,12.52,13950
20090310,13.38,12.89,13.38,12.9,29151
20090311,13.79,13.37,13.6,13.54,12694
20090312,14.32,13.49,14.24,13.65,11193
20090313,14.49,14.06,14.27,14.43,8609
20090316,14.92,14.34,14.53,14.46,12126
20090317,14.85,14.28,14.85,14.47,10275
20090318,15.36,14.35,15.33,14.75,17442
20090319,16.07,15.54,15.62,15.65,25745
20090320,15.66,15.12,15.13,15.64,15002
20090323,16.33,15.6,16.25,15.63,23884
20090324,16.17,15.85,15.94,15.97,14317
20090325,16.3,15.55,15.93,16.04,19645
20090326,16.3,15.98,16.3,16.18,15656
20090327,16.02,15.73,15.85,15.98,16298
20090330,15.36,14.75,14.99,15.34,17756
20090331,15.45,15.11,15.25,15.24,13564
20090401,15.78,15,15.78,15.08,12433
20090402,16.53,16.18,16.2,16.27,29552
20090403,16.61,16.2,16.53,16.37,20253
20090406,16.38,15.98,16.34,16.23,18516
20090407,16.07,15.82,15.86,16.04,12013
20090408,16.18,15.72,16.03,16,10686
20090409,16.91,16.54,16.8,16.66,22106
20090413,17.12,16.61,17.05,16.69,17045
20090414,17.24,16.87,16.87,16.88,10379
20090415,17.21,16.83,17.18,16.86,11788
20090416,17.4,16.99,17.32,17.4,11741
20090417,17.54,17.21,17.43,17.33,11102
20090420,17.06,16.42,16.47,17,15134
20090421,16.79,16.09,16.75,16.27,15456
20090422,17.1,16.49,16.75,16.54,13050
20090423,17.28,16.8,17.28,16.85,12573
20090424,17.78,17.49,17.72,17.49,16182
20090427,17.62,17.24,17.24,17.41,20041
20090428,17.25,16.92,17.08,17.01,15081
20090429,17.75,17.43,17.6,17.44,12227
20090430,18.11,17.52,17.53,17.85,26258
20090501,18.17,17.64,18.14,17.64,17758
20090504,19.05,18.2,19.03,18.31,16302
20090505,19.11,18.79,19.03,19.09,65539
20090506,19.77,19.21,19.73,19.43,21989
20090507,20.22,19.1,19.19,20.2,18438
20090508,20.27,19.59,20.14,19.71,29308
20090511,19.93,19.57,19.71,19.71,15913
20090512,19.97,19.33,19.75,19.95,16448
20090513,19.47,18.61,18.61,19.31,18845
20090514,19.3,18.52,19.11,18.52,20381
20090515,19.35,18.71,18.8,19.06,23679
20090518,19.69,19.05,19.68,19.08,15856
20090519,20.04,19.42,19.8,19.44,66648
20090520,20.72,20.12,20.44,20.12,28966
20090521,20.17,19.68,19.93,20.17,18543
20090522,20.49,20.02,20.3,20.16,49575
20090526,21.08,20,20.98,20.24,48637
20090527,21.26,20.64,20.72,21.2,23153
20090528,21.46,20.77,21.36,21,45127
20090529,22.03,21.53,21.89,21.83,56378
20090601,22.58,22.17,22.29,22.56,82025
20090602,22.59,22.14,22.43,22.27,60371
20090603,22.38,21.09,21.34,22.15,63621
20090604,22,21.4,21.88,21.6,44523
20090605,22.08,21.31,21.57,22,34280
20090608,21.73,21.11,21.56,21.44,24836
20090609,22.14,21.75,21.87,21.98,42104
20090610,22.32,21.51,21.8,22.19,59594
20090611,22.39,21.83,22.16,22.01,99817
20090612,21.89,21.59,21.82,21.79,30174
20090615,21.53,20.66,20.91,21.53,38277
20090616,21.39,20.68,20.7,21.25,70715
20090617,20.58,19.91,20.23,20.44,45110
20090618,20.48,20.04,20.26,20.15,19543
20090619,20.63,20.33,20.56,20.63,20532
20090622,20.17,19.3,19.35,20.12,27346
20090623,19.64,19.06,19.45,19.43,45464
20090624,20.14,19.54,19.92,19.73,29690
20090625,20.48,19.61,20.48,19.84,28934
20090626,20.63,20.28,20.46,20.5,14166
20090629,20.81,20.57,20.73,20.69,17035
20090630,20.83,20.19,20.3,20.7,30363
20090701,20.92,20.55,20.61,20.62,29907
20090702,20.35,20.05,20.14,20.24,26404
20090706,19.92,19.34,19.73,19.75,23677
20090707,19.81,19.12,19.18,19.71,17275
20090708,19.35,18.43,18.75,19.28,38070
20090709,19.22,18.79,19.12,18.91,49130
20090710,19.08,18.49,18.91,18.84,24497
20090713,19.48,18.6,19.41,18.95,20255
20090714,20,19.63,20,19.7,24744
20090715,21,20.46,20.92,20.59,56080
20090716,21.17,20.7,21.11,20.91,20613
20090717,21.37,20.97,21.29,21.23,23356
20090720,21.89,21.53,21.82,21.64,23692
20090721,22.22,21.43,21.72,22,22045
20090722,22.07,21.54,21.82,21.59,16131
20090723,22.59,21.74,22.57,21.82,27594
20090724,22.73,22.39,22.7,22.52,18792
20090727,23.02,22.68,22.87,22.88,13027
20090728,22.75,22.14,22.46,22.68,20420
20090729,22.3,21.79,22.03,22.3,24391
20090730,22.71,22.35,22.64,22.53,17908
20090731,23.2,22.48,23.08,22.62,31044
20090803,23.83,23.49,23.72,23.57,26684
20090804,23.77,23.37,23.59,23.52,58479
20090805,23.83,23.42,23.63,23.61,20796
20090806,23.88,22.96,23.05,23.88,68628
20090807,23.32,22.85,23,23.21,24926
20090810,23.12,22.54,22.73,22.92,35088
20090811,22.47,21.98,22.07,22.46,31647
20090812,22.53,21.96,22.4,22.03,22084
20090813,22.87,22.41,22.74,22.71,19930
20090814,22.9,22.18,22.5,22.79,31248
20090817,21.84,21.44,21.65,21.82,28323
20090818,22.08,21.66,21.98,21.84,22351
20090819,22.34,21.47,22.21,21.64,28627
20090820,22.54,22.17,22.39,22.18,18972
20090821,22.97,22.66,22.81,22.71,22348
20090824,23.21,22.72,22.83,23.12,15017
20090825,23.3,22.85,22.95,23.03,25323
20090826,22.88,22.52,22.8,22.83,26131
20090827,23.13,22.45,23.07,22.88,18210
20090828,23.36,22.9,23.03,23.25,20128
20090831,22.69,22.31,22.66,22.49,15243
20090901,22.88,21.99,22.05,22.64,22024
20090902,22.24,21.88,22.07,21.92,21282
20090903,22.72,22.22,22.72,22.38,26145
20090904,23.24,22.68,23.13,22.78,23365
20090908,23.91,23.45,23.5,23.71,24924
20090909,23.67,23.18,23.33,23.56,33052
20090910,23.69,23.23,23.68,23.32,14256
20090911,24.08,23.73,23.89,23.82,21371
20090914,24.04,23.45,24.04,23.58,16436
20090915,24.65,24.01,24.65,24.21,21330
20090916,25,24.68,24.93,24.82,34073
20090917,25.17,24.67,24.83,24.96,18345
20090918,24.98,24.63,24.78,24.98,11015
20090921,24.44,24.03,24.32,24.44,16488
20090922,25.01,24.66,24.92,24.73,26603
20090923,25.13,24.58,24.58,25.02,25985
20090924,24.87,23.69,23.81,24.87,24393
20090925,23.83,23.43,23.56,23.65,35727
20090928,24.11,23.56,23.93,23.64,17834
20090929,24.13,23.77,24.04,24,22284
20090930,24.49,23.9,24.36,24.36,25121
20091001,24.43,23.3,23.3,24.43,25643
20091002,23.4,22.68,23.16,22.88,31717
20091005,23.8,23.21,23.71,23.27,26799
20091006,24.6,24.01,24.24,24.02,34414
20091007,24.46,24.08,24.41,24.28,25837
20091008,25.05,24.48,24.93,24.77,27446
20091009,25.2,24.89,24.99,25.04,25845
20091012,25.59,25.17,25.21,25.59,22176
20091013,25.37,24.94,25.16,25.34,24706
20091014,25.76,25.51,25.68,25.54,29121
20091015,25.65,25.38,25.44,25.41,33211
20091016,25.42,25.05,25.38,25.3,23762
20091019,25.76,25.29,25.67,25.63,18257
20091020,25.7,24.97,25.13,25.63,29321
20091021,25.53,24.89,24.95,25.04,27666
20091022,25.2,24.61,25.15,24.87,23430
20091023,25.25,24.61,24.72,25.24,25304
20091026,24.97,23.93,23.99,24.68,42585
20091027,24.05,23.5,23.59,24.02,32623
20091028,23.43,22.66,22.75,23.33,50624
20091029,23.55,22.93,23.53,22.98,38703
20091030,23.34,22.5,22.73,23.34,60778
20091102,23.21,22.46,22.83,22.9,38267
20091103,23.37,22.47,23.34,22.55,31722
20091104,23.96,23.51,23.52,23.67,37842
20091105,23.83,23.48,23.8,23.67,32334
20091106,23.96,23.47,23.78,23.48,24803
20091109,24.83,24.32,24.8,24.36,65912
20091110,24.91,24.54,24.78,24.74,24667
20091111,25.27,24.85,24.89,25.21,32548
20091112,24.9,24.39,24.46,24.77,23622
20091113,25.04,24.43,24.75,24.5,30519
20091116,25.17,24.86,24.99,25.01,146372
20091117,25.26,24.72,25.26,24.84,23578
20091118,25.46,25.02,25.2,25.27,21806
20091119,24.97,24.47,24.8,24.97,37761
20091120,24.69,24.43,24.65,24.59,16551
20091123,25.4,25.03,25.13,25.25,14185
20091124,25.22,24.77,24.9,25.13,13323
20091125,25.39,25.1,25.36,25.18,12824
20091127,24.79,23.88,24.57,24.2,15937
20091130,25.04,24.61,24.79,24.67,24193
20091201,25.67,25.2,25.61,25.23,38330
20091202,25.8,25.46,25.62,25.67,24951
20091203,25.61,25.13,25.13,25.58,19975
20091204,25.55,24.64,24.79,25.36,44798
20091207,25.14,24.65,24.86,24.8,21733
20091208,24.66,24.19,24.28,24.65,26883
20091209,24.58,24.16,24.55,24.5,23577
20091210,24.86,24.55,24.76,24.85,14248
20091211,24.93,24.46,24.49,24.88,23914
20091214,24.9,24.51,24.89,24.69,10837
20091215,24.92,24.72,24.77,24.88,12693
20091216,25.2,24.84,25.02,24.99,28035
20091217,24.7,24.37,24.47,24.64,16090
20091218,24.74,24.32,24.58,24.74,28615
20091221,24.96,24.73,24.73,24.8,31701
20091222,25.07,24.72,25.06,24.99,19606
20091223,25.46,25.18,25.39,25.18,26029
20091224,25.52,25.25,25.5,25.25,8953
20091228,25.78,25.4,25.62,25.71,31445
20091229,25.82,25.54,25.57,25.71,41000
20091230,25.42,25.14,25.31,25.14,16383
20091231,25.63,25.42,25.45,25.48,14698
20100104,26.1,25.88,26.04,26.06,30075
20100105,26.29,25.99,26.19,26.2,38204
20100106,26.49,26.23,26.4,26.27,19808
20100107,26.41,26.01,26.31,26.4,16260
20100108,26.45,26.12,26.45,26.23,19227
20100111,26.76,26.24,26.37,26.61,29715
20100112,26.12,25.72,25.89,26.12,21794
20100113,26.19,25.68,26.16,26.01,20336
20100114,26.29,26.04,26.24,26.24,16307
20100115,26.19,25.77,25.84,26.17,19933
20100119,25.95,25.76,25.87,25.92,24541
20100120,25.42,25.02,25.26,25.29,35435
20100121,25.32,24.7,24.72,25.26,46764
20100122,24.66,24.13,24.2,24.57,54397
20100125,24.41,24.18,24.27,24.37,27673
20100126,24.39,23.82,24.19,23.96,21112
20100127,24.16,23.84,24.07,24.14,23013
20100128,24.33,23.69,23.81,24.26,32886
20100129,24.13,23.44,23.56,23.94,62285
20100201,24.12,23.62,24.02,23.62,36879
20100202,24.44,24.04,24.32,24.24,26457
20100203,24.48,24.15,24.21,24.27,24049
20100204,23.97,23.39,23.45,23.97,37427
20100205,23.67,23.03,23.63,23.42,42859
20100208,23.89,23.34,23.37,23.75,17225
20100209,24.05,23.54,23.85,23.69,23984
20100210,24.13,23.69,24.04,23.88,44871
20100211,24.65,23.98,24.61,24.11,21521
20100212,24.7,24.29,24.62,24.4,37922
20100216,25.25,24.97,25.2,25,24133
20100217,25.43,25.16,25.23,25.22,34877
20100218,25.59,25.27,25.54,25.29,39688
20100219,25.7,25.28,25.56,25.28,42043
20100222,25.77,25.33,25.4,25.7,22027
20100223,25.32,24.67,24.74,25.3,48467
20100224,25.02,24.69,24.84,24.8,25471
20100225,24.97,24.21,24.95,24.32,36169
20100226,25.13,24.78,25.03,24.98,37959
20100301,25.58,25.21,25.56,25.25,36309
20100302,26.07,25.77,25.95,25.84,29970
20100303,26.29,25.98,26.15,26.07,37438
20100304,26.25,25.94,26.07,26.2,27894
20100305,26.56,26.26,26.48,26.33,31271
20100308,26.74,26.48,26.54,26.64,26536
20100309,26.62,26.36,26.48,26.41,44319
20100310,26.73,26.38,26.53,26.51,44700
20100311,26.66,26.29,26.63,26.43,21314
20100312,26.99,26.75,26.81,26.86,32085
20100315,26.89,26.52,26.77,26.84,14424
20100316,27.21,26.92,27.17,26.97,27950
20100317,27.45,27.26,27.31,27.31,42286
20100318,27.39,26.95,27.04,27.3,27317
20100319,27.22,26.72,26.85,26.85,20657
20100322,26.84,26.36,26.79,26.5,27773
20100323,27.07,26.79,27.04,26.8,29235
20100324,26.85,26.56,26.59,26.85,27779
20100325,27,26.6,26.64,26.88,40650
20100326,26.78,26.36,26.6,26.68,33541
20100329,26.95,26.7,26.94,26.79,27202
20100330,27.1,26.88,27.03,26.98,25314
20100331,27.2,26.87,27.03,27.06,31581
20100401,27.55,27.21,27.54,27.38,23592
20100405,27.8,27.61,27.75,27.7,25959
20100406,27.92,27.65,27.73,27.78,37960
20100407,27.76,27.38,27.49,27.75,34964
20100408,27.67,26.96,27.58,27.37,45096
20100409,27.79,27.57,27.74,27.69,22612
20100412,27.89,27.62,27.69,27.68,21393
20100413,27.68,27.29,27.6,27.6,29086
20100414,27.98,27.66,27.9,27.85,24702
20100415,28.12,27.79,27.86,27.92,18074
20100416,27.78,27.02,27.19,27.73,51420
20100419,27.25,26.75,27.23,26.89,35236
20100420,27.86,27.58,27.76,27.73,39615
20100421,27.92,27.54,27.69,27.88,33847
20100422,27.77,27.23,27.77,27.47,41152
20100423,27.97,27.52,27.89,27.71,23266
20100426,28.1,27.87,27.97,27.96,26887
20100427,27.94,27.16,27.16,27.74,52647
20100428,27.49,27.05,27.23,27.39,37634
20100429,27.78,27.46,27.74,27.47,24262
20100430,27.82,27.35,27.35,27.77,45815
20100503,27.77,27.34,27.58,27.52,30716
20100504,27.14,26.64,26.75,27.11,71639
20100505,26.65,25.86,26.26,26.24,82931
20100506,26.38,21.87,25.51,25.94,102368
20100507,25.81,24.85,25.48,25.49,72464
20100510,26.83,26.32,26.63,26.8,114447
20100511,27.18,26.45,26.79,26.46,60053
20100512,27.33,26.98,27.28,27.05,27875
20100513,27.41,26.92,26.98,27.38,53234
20100514,26.78,26.08,26.48,26.75,71533
20100517,26.57,25.62,26.16,26.51,64161
20100518,26.66,25.85,25.93,26.39,37198
20100519,25.9,24.98,25.61,25.72,63839
20100520,24.83,24.28,24.32,24.73,94219
20100521,24.9,23.76,24.8,23.92,63933
20100524,25,24.47,24.5,24.77,36093
20100525,24.58,23.51,24.55,23.56,47278
20100526,25.18,24.51,24.59,24.87,35300
20100527,25.53,24.99,25.51,25.06,32300
20100528,25.72,25.12,25.29,25.71,36959
20100601,25.7,24.94,24.98,25.27,43885
20100602,25.86,25.12,25.84,25.16,33865
20100603,26.09,25.43,25.79,26.01,103874
20100604,25.56,24.71,24.82,25.38,66270
20100607,25.13,24.6,24.6,24.77,30373
20100608,25.04,24.47,25.03,24.72,74452
20100609,25.52,24.89,24.91,25.33,54953
20100610,25.72,25.35,25.71,25.35,37204
20100611,25.82,25.41,25.71,25.53,26743
20100614,26.24,25.68,25.78,26.12,40285
20100615,26.51,25.91,26.5,26.04,35834
20100616,26.66,26.3,26.55,26.36,26799
20100617,26.72,26.28,26.55,26.72,54219
20100618,26.8,26.56,26.74,26.69,32344
20100621,27.2,26.48,26.63,27.16,30937
20100622,26.79,26.15,26.2,26.72,40225
20100623,25.88,25.38,25.77,25.81,29260
20100624,25.7,25.25,25.32,25.7,36197
20100625,25.76,25.24,25.55,25.46,49771
20100628,25.67,25.29,25.37,25.67,50290
20100629,24.9,24.01,24.15,24.75,55608
20100630,24.33,23.9,23.99,23.97,84833
20100701,24.1,23.33,23.73,23.99,49396
20100702,24.1,23.59,23.73,23.94,31959
20100706,24.23,23.72,23.94,23.97,18555
20100707,24.59,23.96,24.56,23.96,42395
20100708,25.01,24.47,24.77,24.87,25010
20100709,25.35,24.97,25.33,25.06,26983
20100712,25.44,25.07,25.26,25.19,36471
20100713,25.81,25.54,25.56,25.76,26574
20100714,25.75,25.39,25.43,25.65,26019
20100715,25.61,25.02,25.59,25.55,21603
20100716,25.4,24.67,24.8,25.4,16661
20100719,24.9,24.51,24.7,24.83,16627
20100720,25.19,24.38,25.18,24.38,28978
20100721,25.46,24.63,24.77,25.46,19425
20100722,25.44,25.11,25.35,25.19,13959
20100723,25.58,25.22,25.51,25.35,26287
20100726,25.82,25.51,25.7,25.62,15192
20100727,26.03,25.42,25.56,25.93,37681
20100728,25.64,25.39,25.46,25.52,23581
20100729,25.85,25.33,25.64,25.72,37108
20100730,25.93,25.29,25.78,25.38,22156
20100802,26.44,26.13,26.26,26.13,32816
20100803,26.34,26.05,26.11,26.16,26828
20100804,26.43,26.11,26.35,26.24,28566
20100805,26.38,26.11,26.21,26.3,66084
20100806,26.13,25.69,26,25.93,20973
20100809,26.18,25.88,26.1,26.01,21228
20100810,26.03,25.57,25.95,25.78,34649
20100811,25.56,24.9,25.02,25.43,40011
20100812,25.02,24.66,24.92,24.7,14067
20100813,25.11,24.85,24.89,24.85,14419
20100816,24.93,24.69,24.85,24.79,11359
20100817,25.7,25.33,25.58,25.43,18293
20100818,25.93,25.41,25.8,25.64,13451
20100819,25.84,25.26,25.43,25.8,18044
20100820,25.24,24.89,25.21,25.23,17441
20100823,25.39,25.06,25.06,25.31,20056
20100824,24.75,24.38,24.55,24.59,25595
20100825,24.75,24.18,24.69,24.29,20741
20100826,25.05,24.68,24.76,24.78,19460
20100827,25.51,24.58,25.44,24.81,47589
20100830,25.66,25.3,25.33,25.44,16920
20100831,25.48,25.03,25.22,25.28,21601
20100901,25.86,25.58,25.76,25.71,42506
20100902,26.02,25.74,25.98,25.86,21142
20100903,26.54,26.19,26.35,26.19,33618
20100907,26.37,26.07,26.13,26.28,50263
20100908,26.52,26.22,26.24,26.22,24533
20100909,26.6,26.21,26.31,26.52,16871
20100910,26.42,26.24,26.36,26.36,19828
20100913,26.78,26.6,26.73,26.69,14821
20100914,27.11,26.77,26.81,26.78,16287
20100915,26.8,26.54,26.72,26.78,50206
20100916,26.82,26.59,26.79,26.68,24602
20100917,27.01,26.6,26.66,26.99,17578
20100920,27.04,26.62,26.9,26.72,22661
20100921,27.02,26.56,26.83,26.97,32108
20100922,27.94,26.46,26.61,26.87,32042
20100923,26.63,26.24,26.42,26.45,28862
20100924,26.94,26.74,26.92,26.84,24443
20100927,27.05,26.75,26.78,27.03,28552
20100928,26.96,26.43,26.93,26.76,29002
20100929,27.12,26.85,27.01,26.95,15673
20100930,27.41,26.89,27.15,27.25,29512
20101001,27.51,27.22,27.45,27.25,20228
20101004,27.42,27.06,27.27,27.42,21411
20101005,27.89,27.44,27.84,27.58,36299
20101006,28.12,27.84,28.02,27.85,13372
20101007,28.12,27.47,27.67,28.06,30054
20101008,28.09,27.64,28.03,27.71,18093
20101011,28.16,27.95,28.12,28.1,18155
20101012,28.17,27.81,28.13,27.97,37223
20101013,28.7,28.45,28.52,28.46,15286
20101014,28.64,28.23,28.39,28.57,17182
20101015,28.52,28.01,28.2,28.52,19119
20101018,28.27,27.93,28.13,27.97,18743
20101019,27.72,27.26,27.53,27.31,37366
20101020,27.99,27.53,27.93,27.62,15946
20101021,28.1,27.56,27.76,28.09,16308
20101022,27.87,27.62,27.71,27.87,31162
20101025,28.19,27.9,28,28.08,25138
20101026,28.01,27.68,27.93,27.82,18521
20101027,27.7,27.3,27.59,27.7,17343
20101028,27.84,27.55,27.72,27.7,18662
20101029,28.06,27.72,28.04,27.73,17392
20101101,28.4,28.02,28.15,28.27,13800
20101102,28.49,28.25,28.34,28.48,25524
20101103,28.45,27.98,28.4,28.24,22623
20101104,29.09,28.8,29.05,28.92,19915
20101105,29.33,29.08,29.13,29.12,31197
20101108,29.3,28.98,29.27,28.98,36314
20101109,29.62,28.77,28.97,29.51,44952
20101110,29.19,28.63,29.18,29.08,24561
20101111,29.11,28.87,29.08,29.07,18290
20101112,28.92,28.21,28.51,28.83,18007
20101115,28.77,28.43,28.49,28.65,27477
20101116,28.11,27.51,27.77,28.08,34697
20101117,27.99,27.66,27.84,27.75,30609
20101118,28.57,28.17,28.36,28.18,33457
20101119,28.73,28.24,28.67,28.36,21609
20101122,28.76,28.32,28.67,28.65,18291
20101123,28.42,28.06,28.17,28.3,36742
20101124,28.77,28.45,28.74,28.5,21228
20101126,28.59,28.32,28.5,28.39,21426
20101129,28.65,28.05,28.56,28.4,55289
20101130,28.68,28.14,28.45,28.17,60562
20101201,29.21,28.87,29.16,28.96,34939
20101202,29.67,29.32,29.56,29.32,35765
20101203,29.67,29.47,29.62,29.55,25918
20101206,29.71,29.48,29.68,29.55,21879
20101207,30.11,29.52,29.53,30.11,37780
20101208,29.64,29.24,29.33,29.55,27393
20101209,29.59,29.3,29.39,29.59,17882
20101210,29.62,29.4,29.62,29.43,14869
20101213,30.06,29.74,29.77,29.88,17189
20101214,29.97,29.65,29.75,29.74,17794
20101215,29.86,29.57,29.69,29.63,19378
20101216,29.73,29.42,29.58,29.73,14548
20101217,29.5,29.16,29.5,29.49,33145
20101220,29.53,29.23,29.35,29.48,39919
20101221,29.66,29.28,29.66,29.36,22716
20101222,29.87,29.63,29.78,29.63,19130
20101223,29.98,29.7,29.94,29.78,23027
20101227,29.97,29.78,29.9,29.88,13628
20101228,30.31,30.06,30.11,30.27,11031
20101229,30.42,30.23,30.39,30.33,13798
20101230,30.54,30.27,30.37,30.42,17963
20101231,30.59,30.29,30.44,30.39,18921
20110103,31.1,30.67,30.69,30.76,15718
20110104,30.92,30.07,30.36,30.88,30156
20110105,30.53,30.18,30.42,30.31,20166
20110106,30.56,30.12,30.27,30.55,18839
20110107,30.46,30.08,30.29,30.39,18571
20110110,30.28,29.9,30.17,30.17,14212
20110111,30.68,30.35,30.62,30.35,15838
20110112,30.95,30.78,30.88,30.94,20829
20110113,30.91,30.57,30.68,30.89,23881
20110114,30.8,30.46,30.76,30.58,27139
20110118,31.01,30.84,30.93,30.87,14556
20110119,31.01,30.48,30.57,30.96,24312
20110120,30.37,29.91,30.29,30.23,21070
20110121,30.64,30.27,30.36,30.45,26229
20110124,30.56,30.2,30.44,30.23,14320
20110125,30.26,29.92,30.16,30.22,20142
20110126,30.71,30.22,30.68,30.3,29488
20110127,30.76,30.49,30.63,30.75,17741
20110128,30.72,30.37,30.45,30.57,26425
20110131,30.79,30.52,30.73,30.57,47136
20110201,31.42,30.96,31.36,30.97,32192
20110202,31.6,31.38,31.41,31.52,29483
20110203,31.71,31.3,31.65,31.51,19751
20110204,31.94,31.54,31.65,31.87,46778
20110207,31.89,31.6,31.63,31.79,22394
20110208,31.74,31.49,31.67,31.74,46532
20110209,31.77,31.36,31.45,31.68,29160
20110210,31.58,31.12,31.56,31.19,31802
20110211,31.8,31.47,31.66,31.56,25374
20110214,31.98,31.7,31.92,31.7,20591
20110215,32.08,31.89,31.91,31.95,57254
20110216,32.48,32.01,32.39,32.07,30534
20110217,32.59,32.33,32.55,32.51,28557
20110218,32.73,32.44,32.55,32.65,17176
20110222,32.71,31.96,32.04,32.43,33730
20110223,32.28,31.91,32.09,32.04,25491
20110224,32.5,31.88,32.05,32.4,26879
20110225,32.68,32.33,32.62,32.34,21195
20110228,33.16,32.86,33.11,32.9,42695
20110301,33.28,32.86,32.91,33.25,44346
20110302,33.16,32.88,33.07,32.88,33081
20110303,33.34,33.1,33.33,33.25,44687
20110304,33.51,33.27,33.42,33.51,32741
20110307,33.65,32.9,32.97,33.59,37515
20110308,33.06,32.65,32.84,33.05,50824
20110309,32.99,32.49,32.66,32.91,23340
20110310,32.26,31.63,31.79,32.19,44243
20110311,32.12,31.09,32.03,31.44,23185
20110314,31.9,31.48,31.89,31.48,25346
20110315,31.51,30.38,31.36,30.46,45119
20110316,31.67,30.67,31.07,31.24,40586
20110317,31.82,31.38,31.75,31.71,66930
20110318,32.15,31.78,31.92,32.02,28420
20110321,32.65,32.38,32.62,32.5,32523
20110322,32.7,32.47,32.59,32.63,27069
20110323,32.74,32.37,32.69,32.53,35576
20110324,32.97,32.62,32.75,32.88,38405
20110325,32.99,32.52,32.57,32.75,41116
20110328,32.75,32.28,32.32,32.59,50617
20110329,32.58,32.16,32.51,32.37,47725
20110330,33.06,32.81,32.98,32.87,30285
20110331,33.22,33.01,33.05,33.08,68034
20110401,33.53,33.23,33.37,33.32,43898
20110404,33.54,33.35,33.44,33.46,38574
20110405,33.71,33.4,33.64,33.4,42879
20110406,34.01,33.47,33.65,33.96,52571
20110407,33.72,33.31,33.41,33.64,29609
20110408,33.83,33.54,33.73,33.69,31351
20110411,33.73,33.02,33.2,33.62,29159
20110412,32.94,32.26,32.56,32.94,40309
20110413,32.93,32.43,32.61,32.82,32305
20110414,32.68,32.33,32.63,32.43,25300
20110415,32.74,32.44,32.55,32.57,23391
20110418,32.35,31.68,32.2,32.35,32222
20110419,32.61,32.36,32.55,32.37,23165
20110420,33.16,32.96,33.02,33.02,26555
20110421,33.38,33.07,33.28,33.28,35132
20110425,33.38,32.95,33.06,33.34,27641
20110426,33.23,32.99,33.16,33.08,29000
20110427,33.33,32.63,33.17,33.28,45052
20110428,33.33,33,33.15,33.17,45992
20110429,33.45,32.9,33.14,33.03,55464
20110502,33.76,33.15,33.25,33.32,24369
20110503,33.23,32.35,32.59,33.22,40343
20110504,32.61,31.86,32.2,32.61,30829
20110505,31.85,31.26,31.48,31.76,82188
20110506,32.16,31.44,31.72,31.95,65291
20110509,32.13,31.66,32.09,31.85,30283
20110510,32.33,31.97,32.23,32.25,36911
20110511,32.25,31.46,31.58,32.25,51702
20110512,31.63,30.99,31.48,31.4,31412
20110513,31.53,30.93,31.21,31.5,30533
20110516,31.58,30.97,31.2,31.04,44309
20110517,31.44,30.91,31.35,31.05,67874
20110518,31.91,31.4,31.84,31.48,31448
20110519,32.07,31.69,31.91,31.89,22393
20110520,32.01,31.41,31.78,31.81,22984
20110523,31.41,31.07,31.2,31.29,34845
20110524,31.74,31.41,31.53,31.54,16786
20110525,31.97,31.41,31.86,31.43,14810
20110526,31.99,31.6,31.99,31.78,27694
20110527,32.23,31.97,32.02,32.04,33637
20110531,32.66,32.15,32.34,32.61,60801
20110601,32.38,31.38,31.41,32.33,25632
20110602,31.54,31.03,31.38,31.4,31780
20110603,31.44,30.67,31.29,30.79,33902
20110606,31.36,30.64,30.76,31.28,19915
20110607,31.18,30.79,30.8,30.98,13514
20110608,30.83,30.44,30.52,30.7,28598
20110609,30.94,30.51,30.83,30.62,15061
20110610,30.74,30.08,30.28,30.69,36579
20110613,30.42,29.88,30.15,30.27,29050
20110614,30.78,30.4,30.71,30.51,44749
20110615,30.55,29.89,30.07,30.39,30475
20110616,29.98,29.49,29.74,29.84,27031
20110617,30.02,29.6,29.68,29.81,23272
20110620,29.84,29.49,29.77,29.49,20492
20110621,30.59,29.99,30.49,30.02,15432
20110622,30.78,30.32,30.43,30.35,13338
20110623,30.12,29.64,30.08,29.86,23101
20110624,30.11,29.59,29.65,30.05,15582
20110627,29.85,29.41,29.8,29.52,27121
20110628,30.33,29.93,30.32,29.95,27707
20110629,31,30.52,30.9,30.67,37190
20110630,31.37,30.98,31.32,31.01,31373
20110701,31.63,31.1,31.55,31.3,30304
20110705,31.89,31.64,31.64,31.75,22999
20110706,31.64,31.36,31.49,31.64,31429
20110707,31.92,31.68,31.68,31.85,33816
20110708,31.69,31.36,31.59,31.45,15139
20110711,31.32,30.78,30.92,31.16,20555
20110712,31.29,30.68,31.05,30.73,28593
20110713,31.8,31.21,31.48,31.23,18413
20110714,31.76,31.16,31.24,31.68,32047
20110715,31.65,31.33,31.61,31.51,16488
20110718,31.5,31.08,31.25,31.37,26849
20110719,31.85,31.63,31.75,31.65,22074
20110720,32.02,31.78,31.89,31.87,29655
20110721,32.36,31.96,32.24,32.08,18322
20110722,32.29,32.1,32.26,32.16,12146
20110725,32.35,32.05,32.22,32.11,20356
20110726,32.29,31.89,31.94,32.29,15726
20110727,31.89,31.05,31.05,31.86,33959
20110728,31.29,30.81,31.01,31.09,24317
20110729,30.75,30.35,30.59,30.65,37105
20110801,31.15,30.42,30.65,30.95,35028
20110802,30.64,29.89,29.89,30.5,28203
20110803,30.07,29.35,30.04,29.97,40226
20110804,29.69,28.41,28.58,29.66,62728
20110805,28.78,27.29,28.08,28.64,72776
20110808,27.35,26.44,26.53,27.14,59480
20110809,28.05,26.39,28.03,26.91,57362
20110810,28.2,27.17,27.58,27.75,47415
20110811,28.87,27.37,28.72,27.81,43735
20110812,29.01,28.55,28.67,28.98,21879
20110815,29.35,28.91,29.34,29.01,15145
20110816,29.16,28.77,28.91,29.01,34326
20110817,29.49,29,29.09,29.1,19542
20110818,28.38,27.68,27.88,28.38,26142
20110819,28.27,27.39,27.45,27.82,21722
20110822,28.13,27.46,27.55,28.09,16949
20110823,28.28,27.44,28.27,27.7,36414
20110824,28.56,27.99,28.41,28.28,17166
20110825,28.69,28.06,28.17,28.5,24478
20110826,28.41,27.47,28.35,28.01,22909
20110829,28.99,28.69,28.94,28.72,24966
20110830,29.34,28.68,29.2,28.88,15680
20110831,29.65,29.19,29.54,29.3,38691
20110901,29.77,29.44,29.5,29.68,21433
20110902,29.26,28.84,28.97,28.87,13548
20110906,28.63,28.08,28.62,28.25,32621
20110907,29.22,28.67,29.19,28.79,19177
20110908,29.31,28.94,28.99,29.05,27912
20110909,28.67,27.99,28.09,28.65,19147
20110912,27.95,27.2,27.64,27.63,22049
20110913,28.02,27.6,27.91,27.75,18975
20110914,28.25,27.62,27.97,27.95,29235
20110915,28.54,28.11,28.54,28.2,9294
20110916,28.68,28.26,28.33,28.52,15021
20110919,27.95,27.55,27.75,27.79,15678
20110920,28.14,27.55,27.73,27.8,39575
20110921,27.63,26.72,26.73,27.63,134537
20110922,25.54,24.91,25.29,25.48,52475
20110923,25.37,24.86,25.08,24.9,33435
20110926,25.72,24.58,25.68,25.13,24398
20110927,26.85,26.08,26.17,26.5,28473
20110928,26.37,25.35,25.41,26.37,31873
20110929,25.92,25.18,25.57,25.86,28214
20110930,25.57,25,25.14,25.08,29887
20111003,25.05,24.17,24.21,24.98,47001
20111004,24.05,23.13,24.01,23.65,53000
20111005,25.18,23.96,25.07,24.09,30706
20111006,25.86,24.92,25.84,25.09,20870
20111007,26.1,25.29,25.4,26.04,24101
20111010,26.45,25.92,26.43,26.02,40866
20111011,26.26,25.92,26.24,26.15,36720
20111012,27.11,26.54,26.85,26.68,24068
20111013,26.67,26.17,26.48,26.63,13165
20111014,27.17,26.76,27.16,26.89,12655
20111017,27.07,26.38,26.46,27.03,11032
20111018,27.08,26.07,26.9,26.35,30690
20111019,27.02,26.26,26.32,26.95,12260
20111020,26.57,25.88,26.39,26.26,15748
20111021,27.04,26.66,26.88,26.94,33447
20111024,27.52,27.06,27.49,27.19,17855
20111025,27.46,26.94,27,27.43,56096
20111026,27.61,26.89,27.51,27.4,17217
20111027,28.8,28.2,28.6,28.32,26522
20111028,28.72,28.35,28.64,28.35,23399
20111031,28.42,27.88,27.89,28.25,25502
20111101,27.26,26.54,26.97,26.84,41647
20111102,27.64,27.11,27.33,27.4,23591
20111103,28.11,27.26,28.04,27.78,18615
20111104,27.82,27.27,27.7,27.7,41390
20111107,27.95,27.59,27.89,27.78,12057
20111108,28.1,27.72,28.06,27.93,24549
20111109,27.54,26.94,26.94,27.33,19562
20111110,27.29,26.59,26.96,27.2,16629
20111111,27.61,27.18,27.53,27.25,8926
20111114,27.53,27.01,27.23,27.27,11973
20111115,27.23,26.83,27.07,27.11,18279
20111116,27.39,26.73,26.93,26.9,48719
20111117,26.94,26.07,26.21,26.91,19903
20111118,26.51,26.13,26.25,26.38,22913
20111121,25.8,25.27,25.64,25.8,27496
20111122,25.89,25.54,25.66,25.63,28343
20111123,25.39,24.85,24.91,25.32,19045
20111125,24.91,24.6,24.61,24.78,15359
20111128,25.74,25.29,25.39,25.72,38578
20111129,25.85,25.46,25.79,25.53,55695
20111130,27.15,26.6,27.11,26.77,66189
20111201,27.31,26.86,27.05,26.99,17253
20111202,27.39,26.8,26.84,27.31,18229
20111205,27.48,26.92,27.06,27.2,30613
20111206,27.3,26.82,27.07,27.03,20152
20111207,27.36,26.77,27.23,26.96,39169
20111208,27.1,26.32,26.4,27.05,28033
20111209,26.82,26.38,26.76,26.47,21938
20111212,26.31,25.93,26.2,26.29,18328
20111213,26.53,25.5,25.68,26.33,36618
20111214,25.52,24.96,25.08,25.38,20158
20111215,25.49,25,25.09,25.43,20767
20111216,25.45,25.11,25.41,25.17,24234
20111219,25.5,24.99,25.05,25.44,19809
20111220,25.83,25.5,25.62,25.55,35856
20111221,25.92,25.53,25.86,25.7,49098
20111222,26.29,25.84,26.28,25.95,35709
20111223,26.49,26.33,26.4,26.35,14776
20111227,26.46,26.26,26.31,26.28,13457
20111228,26.45,25.83,25.9,26.35,19128
20111229,26.24,25.89,26.19,25.9,18627
20111230,26.62,26.2,26.6,26.25,27376
20120103,27.43,27.08,27.4,27.15,67904
20120104,27.42,27.16,27.35,27.27,14141
20120105,27.29,26.96,27.18,27.06,10240
20120106,27.2,26.78,26.9,27.2,9064
20120109,27.01,26.75,26.98,27,17318
20120110,27.49,27.33,27.33,27.39,9737
20120111,27.36,27.14,27.2,27.35,31731
20120112,27.42,27.11,27.34,27.31,10202
20120113,27.13,26.71,27.13,27.07,9012
20120117,27.49,27.18,27.29,27.42,11215
20120118,27.67,27.22,27.63,27.25,13692
20120119,27.97,27.69,27.79,27.79,10781
20120120,27.78,27.62,27.75,27.69,9119
20120123,28.28,27.84,28.24,27.84,24248
20120124,28,27.78,27.86,27.97,45809
20120125,28.42,27.59,28.35,27.7,24510
20120126,28.63,28.11,28.19,28.57,17170
20120127,28.39,28.08,28.26,28.08,23760
20120130,28.16,27.79,28.07,27.9,31723
20120131,28.47,27.89,28.11,28.33,45525
20120201,28.55,28.33,28.36,28.47,40494
20120202,28.58,28.3,28.46,28.4,13669
20120203,28.8,28.55,28.78,28.73,31940
20120206,28.75,28.46,28.61,28.46,18068
20120207,28.62,28.22,28.5,28.52,46101
20120208,28.73,28.3,28.51,28.57,15155
20120209,28.68,28.36,28.44,28.6,27222
20120210,28.09,27.88,28,28,18776
20120213,28.35,28.06,28.14,28.24,15454
20120214,28.12,27.82,28.03,28.05,14241
20120215,28.28,27.98,28.09,28.28,15628
20120216,28.48,27.92,28.48,27.98,13733
20120217,28.61,28.28,28.38,28.61,9149
20120221,28.88,28.49,28.75,28.58,31630
20120222,28.93,28.61,28.87,28.65,16417
20120223,29,28.74,29,28.93,13974
20120224,29.05,28.86,28.9,28.97,12032
20120227,28.93,28.54,28.85,28.72,15450
20120228,29.12,28.81,29.1,28.95,14375
20120229,29.43,28.94,29.02,29.26,36926
20120301,29.41,29.14,29.32,29.23,17997
20120302,29.37,28.99,29.05,29.18,10087
20120305,28.94,28.57,28.63,28.92,9502
20120306,28.14,27.75,27.91,28.1,26864
20120307,28.09,27.7,27.99,27.94,12769
20120308,28.61,28.17,28.48,28.27,15755
20120309,28.76,28.52,28.59,28.57,8529
20120312,28.6,28.27,28.34,28.51,11016
20120313,28.79,28.38,28.79,28.4,10470
20120314,28.74,28.21,28.32,28.67,12702
20120315,28.72,28.26,28.53,28.36,11764
20120316,28.78,28.62,28.72,28.64,13276
20120319,28.9,28.65,28.76,28.68,9168
20120320,28.55,28.18,28.53,28.45,12274
20120321,28.6,28.37,28.55,28.51,11451
20120322,28.24,28.05,28.11,28.15,15153
20120323,28.4,28.06,28.37,28.19,12730
20120326,28.9,28.68,28.87,28.68,12370
20120327,28.95,28.61,28.63,28.9,9364
20120328,28.61,28.17,28.36,28.52,17210
20120329,28.3,27.78,28.3,28.2,61810
20120330,28.48,28.19,28.34,28.41,12087
20120402,28.87,28.27,28.8,28.31,16443
20120403,28.79,28.24,28.37,28.7,14068
20120404,28.13,27.67,27.87,28.06,19670
20120405,27.94,27.59,27.71,27.86,12674
20120409,27.61,27.31,27.46,27.35,13996
